SHARK_Number,LOCATION,MONTH,DAY,YEAR,TIME ,SEX,Maturity_State,Shark_Weight,Precaudal_ length,Fork_length,TotaL_length,Stretch_Total_length,STOMACH WT,Total_Contents_Weight,number_prey_items,SHARK_Number2,Prey_Item,Prey_Category,Prey_Item_Number,Digestion_Number,Prey_weight,Prey_Fork_length,Prey_Total_length,Prey_Body_depth,PREY_SNOUT_TO_OPERCULUM_LENGTH,PREY_SNOUT_TO_VENT_LENGTH,right_otolith_ weight,left_otolith_weight,total_otolith_weight,Prey_Carapace_Width,NOTE
ATSH001,IP,8,8,2000,,F,JUV,2.09,60,66,76,81,39.4,0,0,ATSH001,,,0,6,0,,,,,,,,,,
ATSH002,IP,8,8,2000,,M,JUV,1.91,60,65,76,80,46.82,0.45,1,ATSH002,UFR,UFR,1,5,0.45,,,,,,,,,,
ATSH003,IP,8,8,2000,,M,JUV,1.95,60,66,76,81,38.84,0,0,ATSH003,,,0,6,0,,,,,,,,,,
ATSH004,IP,8,8,2000,,M,JUV,1.89,56,63,71,75,35.91,0.0185,1,ATSH004,F. LUTJANIDAE,BEN,1,5,0.0185,,,,,,,,,,1 PR OTOLITHS
ATSH005,IP,8,8,2000,,M,JUV,1.89,58,63,74,77,43.8,0.48,3,ATSH005,F. LUTJANIDAE,BEN,1,5,0.46,,,,,,,,,,"2 LENS, 1 OTOLITH"
ATSH005,,,,,,,,,,,,,,,,ATSH005,HALODULE BEAUDETTEI,PLA,1,,0.01,,,,,,,,,,
ATSH005,,,,,,,,,,,,,,,,ATSH005,UNID DECAPOD SHRIMP,SHR,1,5,0.01,,,,,,,,,,SHRIMP ROSTRUM
ATSH006,IP,7,13,2000,,M,MAT,2.43,62,68,80,83,42.74,0.13,1,ATSH006,UFR,UFR,1,5,0.13,,,,,,,,,,2 LENS
ATSH007,IP,8,8,2000,,M,JUV,1.98,59,65,73,75,43.48,0.1584,2,ATSH007,BAGRE MARINUS,BEN,1,5,0.0122,,,,,,0.0023,0.0023,0.0046,,"1 PR OTOLITHS, 2 LENS"
ATSH007,,,,,,,,,,,,,,,,ATSH007,BAGRE MARINUS,BEN,1,5,0.1462,,,,,,0.1192,,,,"1 OTOLITH, 2 LENS"
ATSH008,IP,8,8,2000,,M,MAT,3.34,71,78,89,95,85.73,11.15,1,ATSH008,BAGRE MARINUS,BEN,1,4,11.15,,,,,,0.2734,0.2309,0.5043,,"1 PR OTOLITHS, 2 LENS, MEAT, BONES"
ATSH009,IP,8,8,2000,,M,YOY,0.25,29,33,39,41,11.83,5.07,1,ATSH009,BAGRE MARINUS,BEN,1,4,5.07,,,,,,,,,,MEAT
ATSH010,IP,8,8,2000,,F,JUV,1.27,51,56,65,69,31.66,0.71,2,ATSH010,UNID DECAPOD SHRIMP,SHR,1,4,0.28,,,,,,,,,,
ATSH010,,,,,,,,,,,,,,,,ATSH010,UFR,UFR,1,5,0.43,,,,,,,,,,
ATSH011,IP,8,8,2000,,M,MAT,2.34,63,69,80,84,44.66,0,0,ATSH011,,,0,6,0,,,,,,,,,,
ATSH012,IP,8,8,2000,,M,JUV,1.76,58,64,75,78,35.35,0,0,ATSH012,,,0,6,0,,,,,,,,,,
ATSH013,IP,7,13,2000,,M,MAT,2.67,64,70,83,86,43.12,0,0,ATSH013,,,0,6,0,,,,,,,,,,
ATSH014,IP,7,13,2000,,M,JUV,2.06,58,64,75,78,43.52,0,0,ATSH014,,,0,6,0,,,,,,,,,,
ATSH015,IP,7,13,2000,,M,MAT,2.75,65,71,84,87,46.07,0,0,ATSH015,,,0,6,0,,,,,,,,,,
ATSH016,IP,7,13,2000,,M,MAT,2.92,65,71,86,88,57.31,0,0,ATSH016,,,0,6,0,,,,,,,,,,
ATSH017,IP,7,13,2000,,M,MAT,2.83,66,77,85,87,47.37,0,0,ATSH017,,,0,6,0,,,,,,,,,,
ATSH018,IP,7,13,2000,,M,MAT,4.27,78,85,100,102,78.17,2.352,2,ATSH018,CYNOSCION ARENARIUS,BEN,1,5,0.54,,,,,,0.0157,,,,"1 OTOLITH, 2 LENS"
ATSH018,,,,,,,,,,,,,,,,ATSH018,CYNOSCION SP,BEN,1,5,2.28,,,,,,,,,,2 LENS
ATSH019,IP,5,13,2001,,M,MAT,4.21,73,79.5,91,96,65.55,0.4,1,ATSH019,UFR,UFR,1,5,0.4,,,,,,,,,,"1 OTOLITH, 1 LENS"
ATSH019,,,,,,,,,,,,,,,,ATSH020,F. CARANGIDAE,PEL,1,4,0.75,,,,,,,,,,"BONES, MEAT"
ATSH020,IP,5,18,2001,9:10,M,MAT,3.54,72,79,88,96,60.4,1.05,2,ATSH020,ANCHOA SP,PEL,1,4,0.3,,,,,,,,,,
ATSH021,IP,6,19,2001,11:15,M,NEO,0.15,26,28,34,35.5,2.9,0,0,ATSH021,,,0,6,0,,,,,,,,,,
ATSH022,IP,10,16,2001,13:45,M,JUV,0.88,45,49,58,60,21.4,0.6281,6,ATSH022,STELLIFER LANCEOLATUS,BEN,1,5,0.0192,,,,,,0.0098,0.0094,0.192,,1 PR OTOLITHS
ATSH022,,,,,,,,,,,,,,,,ATSH022,STELLIFER LANCEOLATUS,BEN,1,5,0.0065,,,,,,0.0065,,,,1 OTOLITH
ATSH022,,,,,,,,,,,,,,,,ATSH022,STELLIFER LANCEOLATUS,BEN,1,5,0.0126,,,,,,0.0063,0.0063,0.0126,,1 PR OTOLITHS
ATSH022,,,,,,,,,,,,,,,,ATSH022,STELLIFER LANCEOLATUS,BEN,1,5,0.1184,,,,,,0.0092,0.0092,0.0184,,"2 LENS, 1 PR OTOLITHS"
ATSH022,,,,,,,,,,,,,,,,ATSH022,STELLIFER LANCEOLATUS,BEN,1,5,0.2714,,,,,,0.0108,0.0106,0.0214,,"MEAT, 2 LENS, 1 PR OTOLITHS"
ATSH022,,,,,,,,,,,,,,,,ATSH022,LOLLIGUNCULA BREVIS,CEP,1,5,0.1,,,,,,,,,,1 BEAK
ATSH022,,,,,,,,,,,,,,,,ATSH022,LOLLIGUNCULA BREVIS,CEP,1,5,0.009,,,,,,,,,,BEAK
ATSH023,IP,10,16,2001,13:45,M,JUV,1.45,52,56,68,70,63.7,27.8302,3,ATSH023,STELLIFER LANCEOLATUS,BEN,1,2,17.6379,,,,,,0.0187,0.0192,0.0379,,1 PR OTOLITHS
ATSH023,,,,,,,,,,,,,,,,ATSH023,UNID DECAPOD SHRIMP,SHR,1,4,4.95,,,,,,,,,,"ROSTRUM, TAIL, MEAT"
ATSH023,,,,,,,,,,,,,,,,ATSH023,BAGRE MARINUS,BEN,1,5,5.2423,,,,,,0.021,0.0213,0.0423,,1 PR OTOLITHS
ATSH024,IP,6,19,2001,9:00,M,MAT,3.03,70,76.5,88,92,43,0,0,ATSH024,,,0,6,0,,,,,,,,,,
ATSH025,IP,7,23,2001,11:50,M,MAT,3.42,73,78,92,95,59,2.7,1,ATSH025,UFR,UFR,1,5,2.7,,,,,,,,,,"MEAT, 1 LENS"
ATSH026,IP,7,23,2001,9:40,M,MAT,4.09,78,84.5,99,102,146,59.17,2,ATSH026,BREVOORTIA PATRONUS,PEL,1,2,59.15,,,,,,,,,,ALMOST WHOLE
ATSH026,,,,,,,,,,,,,,,,ATSH026,UFR,UFR,1,5,0.02,,,,,,,,,,2 LENS
ATSH027,IP,6,19,2001,11:15,M,MAT,3.62,74,81,93,97,79,11.43,3,ATSH027,SQUILLA EMPUSA,SHR,3,4,11.43,,,,,,,,,,
ATSH028,IP,6,19,2001,11:15,M,MAT,3.54,74.5,80.5,97,99,40,0,0,ATSH028,,,0,6,0,,,,,,,,,,
ATSH029,IP,6,19,2001,11:15,M,MAT,3.58,72.5,79,95,96.5,43,0,0,ATSH029,,,0,6,0,,,,,,,,,,
ATSH030,IP,9,17,2001,,M,JUV,1.64,57,62,74,76,32.21,0,0,ATSH030,,,0,6,0,,,,,,,,,,
ATSH031,IP,9,17,2001,,M,JUV,2.39,60,65,78,82,48.37,2.143,2,ATSH031,F. SCIAENIDAE,BEN,1,5,0.013,,,,,,,,,,"1 PR OTOLITHS, 1 LENS"
ATSH031,,,,,,,,,,,,,,,,ATSH031,F. PORTUNIDAE,CRA,1,4,2.13,,,,,,,,,,"SHELL, LEGS"
ATSH032,IP,9,17,2001,,F,JUV,2.65,63,69,80,85,55.18,0,0,ATSH032,,,0,6,0,,,,,,,,,,
ATSH033,IP,9,17,2001,,M,MAT,2.42,64,70,83,85,38.72,0.037,2,ATSH033,UFR,UFR,1,5,0.026,,,,,,,,,,1 LENS
ATSH033,,,,,,,,,,,,,,,,ATSH033,LOLLIGUNCULA BREVIS,CEP,1,5,0.011,,,,,,,,,,SQUID BEAK
ATSH034,IP,9,17,2001,,M,MAT,2.62,64,70,82,85,52.76,0.004,1,ATSH034,C. CRUSTACEA,UCR,1,5,0.004,,,,,,,,,,LEG?
ATSH035,IP,9,17,2001,,M,JUV,0.94,44,59,56,60,23.6,0,0,ATSH035,,,0,6,0,,,,,,,,,,
ATSH036,IP,9,17,2001,,M,JUV,1.75,54,59,69,73,54.6,6.051,14,ATSH036,F. SCIAENIDAE,BEN,1,5,0.035,,,,,,0.017,0.018,0.035,,1 PR OTOLITHS
ATSH036,,,,,,,,,,,,,,,,ATSH036,LOLLIGUNCULA BREVIS,CEP,1,4,1.25,,,,,,,,,,1 BEAK
ATSH036,,,,,,,,,,,,,,,,ATSH036,F. PENAEIDAE,SHR,1,4,1.65,,,,,,,,,,
ATSH036,,,,,,,,,,,,,,,,ATSH036,CYNOSCION NOTHUS,BEN,10,5,3.113,,,,,,,,,,"19 LENS, 12 PR OTOLITHS"
ATSH036,,,,,,,,,,,,,,,,ATSH036,ANCHOA SP,PEL,1,5,0.003,,,,,,,,,,1 PR OTOLITHS
ATSH037,IP,9,17,2001,,M,JUV,2.15,,61,66,67,55.15,6.66,11,ATSH037,BAGRE MARINUS,BEN,1,5,0.053,,,,,,0.025,0.028,0.053,,
ATSH037,,,,,,,,,,,,,,,,ATSH037,CYNOSCION NOTHUS,BEN,9,5,6.582,,,,,,,,,,"18 LENS, 9 PR OTOLITHS"
ATSH037,,,,,,,,,,,,,,,,ATSH037,SHELL FRAGMENT,OTR,1,,0.025,,,,,,,,,,
ATSH038,IP,9,17,2001,,M,MAT,4.39,72,77,88,93,227.15,144.68,6,ATSH038,BREVOORTIA PATRONUS,PEL,1,4,22.38,,,,,,,,,,
ATSH038,,,,,,,,,,,,,,,,ATSH038,BREVOORTIA PATRONUS,PEL,1,3,73.24,,238,59.33,,,,,,,ALMOST WHOLE
ATSH038,,,,,,,,,,,,,,,,ATSH038,BREVOORTIA PATRONUS,PEL,1,4,23.1,,,41.23,,,,,,,
ATSH038,,,,,,,,,,,,,,,,ATSH038,UNID DECAPOD SHRIMP,SHR,1,4,1.91,,,,,,,,,,"1 ROSTRUM, 1 TAIL"
ATSH038,,,,,,,,,,,,,,,,ATSH038,BREVOORITA PATRONUS,PEL,1,4,23.96,,,,,,,,,,
ATSH038,,,,,,,,,,,,,,,,ATSH038,F. PORTUNIDAE,CRA,1,5,0.09,,,,,,,,,,1 LEG
ATSH039,IP,9,17,2001,,M,MAT,2.89,65,71,83,,56.4,7.753,10,ATSH039,CYNOSCION NOTHUS,BEN,8,5,0.095,,,,,,,,,,"16 LENS, 14 OTOLITHS"
ATSH039,,,,,,,,,,,,,,,,ATSH039,F. PORTUNIDAE,CRA,1,4,5.734,,,,,,,,,,
ATSH039,,,,,,,,,,,,,,,,ATSH039,UNID DECAPOD SHRIMP,SHR,1,4,1.924,,,,,,,,,,
ATSH040,IP,9,17,2001,,M,JUV,1.74,54,59,69,74,50.13,6.7569,10,ATSH040,ANCHOA SP,PEL,1,5,0.004,,,,,,0.002,0.002,0.004,,"1 PR OTOLITHS, 2 LENS"
ATSH040,,,,,,,,,,,,,,,,ATSH040,CYNOSCION NOTHUS,BEN,6,5,0.035,,,,,,,,,,"11 LENS, 4 PR OTOLITHS"
ATSH040,,,,,,,,,,,,,,,,ATSH040,UNID DECAPOD SHRIMP,SHR,3,4,6.718,,,,,,,,,,"ROSTRUM, LEGS, MEAT"
ATSH041,IP,9,17,2001,,F,JUV,2.19,59,65,75,79,40.99,1.598,2,ATSH041,F. ARIIDAE,BEN,1,4,0.672,,,,,,0.015,0.014,0.029,,"MEAT, 1 PR OTOLITHS"
ATSH041,,,,,,,,,,,,,,,,ATSH041,UNID DECAPOD SHRIMP,SHR,1,4,0.926,,,,,,,,,,"1 TAIL, LEGS"
ATSH043,IP,9,17,2001,,M,MAT,3.2,68,74,83,90,53.14,5.189,4,ATSH043,ANCHOA SP,PEL,1,5,0.001,,,,,,,,,,1 PR OTOLITHS
ATSH043,,,,,,,,,,,,,,,,ATSH043,SQUILLA EMPUSA,SHR,1,3,2.695,,,,,,,,,,"TAIL SEGMENTS, 1 RAPTORAL CLAW"
ATSH043,,,,,,,,,,,,,,,,ATSH043,UNID DECAPOD SHRIMP,SHR,1,3,2.472,,,,,,,,,,"1 HEAD, BODY, LEGS"
ATSH043,,,,,,,,,,,,,,,,ATSH043,UFR,UFR,1,5,0.021,,,,,,,,,,1 PR OTOLITHS
ATSH044,IP,5,9,2002,8:30,M,MAT,2.96,68,74,89,90,90,0,0,ATSH044,,,0,6,0,,,,,,,,,,
ATSH045,IP,5,23,2002,10:45,M,MAT,3.75,75,82,95,98,64.6,0,0,ATSH045,,,0,6,0,,,,,,,,,,
ATSH046,IP,5,23,2002,10:45,M,MAT,3.58,76.5,83.5,100,102,66.6,2.9,1,ATSH046,BREVOORTIA SP,PEL,1,5,2.9,,,,,,,,,,"SCALES, MUD"
ATSH047,IP,5,23,2002,10:45,M,MAT,3.05,73,79,95,96,63.1,0.5,1,ATSH047,BREVOORTIA SP,PEL,1,4,0.5,,,,,,0.0019,0.0019,0.0038,,"1 PR OTOLITHS, MEAT"
ATSH048,IP,5,23,2002,10:45,M,MAT,3.87,73,79.5,94,96,82.7,0,0,ATSH048,,,0,6,0,,,,,,,,,,
ATSH049,IP,5,23,2002,10:45,M,MAT,4.5,77,84,99,102,83.4,0,0,ATSH049,,,0,6,0,,,,,,,,,,
ATSH050,IP,5,30,2002,,M,MAT,3,71,78,92,94,69.7,0,0,ATSH050,,,0,6,0,,,,,,,,,,
ATSH051,IP,5,30,2002,,M,MAT,3.17,73,80,96,98,69.9,0,0,ATSH051,,,0,6,0,,,,,,,,,,
ATSH052,IP,5,30,2002,,M,MAT,4.25,77,84,98,101,102.9,38.1,1,ATSH052,BREVOORTIA PATRONUS,PEL,1,3,38.1,,,48.9,,,,,,,"WHOLE, DIGESTED"
ATSH053,IP,5,30,2002,,M,MAT,3.054,73,79,95,96,61.1,0.6,1,ATSH053,BREVOORTIA PATRONUS,PEL,1,5,0.6,,,,,,,,,,"SCALES, 2 LENS"
ATSH054,IP,5,30,2002,,M,MAT,3.7,76,83,98,99,68,7.1,3,ATSH054,UNID DECAPOD SHRIMP,SHR,2,4,5.7,,,,,,,,,,
ATSH054,,,,,,,,,,,,,,,,ATSH054,F. CLUPEIDAE,PEL,1,5,1.4,,,,,,,,,,"GIZZARD, SCALES, 2 LENS"
ATSH055,IP,5,30,2002,,M,MAT,3.167,74,80,94,,73.6,0.2475,3,ATSH055,O. OPHIUROIDEA,INV,1,4,0.0098,,,,,,,,,,DISC ONLY
ATSH055,,,,,,,,,,,,,,,,ATSH055,CYNOSCION SP,BEN,1,5,0.2189,,,,,,,,,,"2 LENS, 1 PR OTOLITHS, SCALES"
ATSH055,,,,,,,,,,,,,,,,ATSH055,MENTICIRRHUS LITTORALIS,BEN,1,5,0.0188,,,,,,,,,,z`
ATSH056,IP,5,31,2002,,M,MAT,4,77,84,98,100,78.2,0,0,ATSH056,,,0,6,0,,,,,,,,,,
ATSH057,IP,5,31,2002,,M,JUV,2,59,65,78,79,40.2,0.1578,1,ATSH057,UFR,UFR,1,5,0.1578,,,,,,,,,,MEAT
ATSH058,IP,5,31,2002,,M,MAT,3,71,77.5,92,94,58.4,0.4,1,ATSH058,UFR,UFR,1,5,0.4,,,,,,,,,,MUD?
ATSH059,IP,5,31,2002,,M,MAT,3.5,71,77,93,94,65.2,0.9,1,ATSH059,BAGRE MARINUS,BEN,1,4,0.9,,,,,,0.0484,,,,"1 OTOLITH, HEAD BONE & DORSAL SPINE"
ATSH060,IP,5,31,2002,,M,MAT,2.75,68,74.5,90,91,56.9,0,0,ATSH060,,,0,6,0,,,,,,,,,,
ATSH061,IP,6,13,2002,20:00,M,MAT,3.25,71,77,93,95,61,0,0,ATSH061,,,0,6,0,,,,,,,,,,
ATSH062,IP,6,4,2002,12:35,M,JUV,2.06,64,70,80,86,49,6.3597,2,ATSH062,UNID DECAPOD SHRIMP,SHR,1,4,0.3013,,,,,,,,,,"LEGS, ROSTRUM"
ATSH062,,,,,,,,,,,,,,,,ATSH062,CHLOROSCOMBORUS CHRYSURUS,PEL,1,4,6.0584,,,,,,0.0032,0.0025,0.0057,,"1 PR OTOLITHS, MEAT, BONES"
ATSH063,IP,6,13,2002,8:00,M,MAT,2.94,,78,93,94,97,36.076,2,ATSH063,BREVOORTIA PATRONUS,PEL,1,2,36.0012,,,50,,,0.0012,,,,
ATSH063,,,,,,,,,,,,,,,,ATSH063,MICROPOGONIAS UNDULATUS,BEN,1,5,0.0748,,,,,,0.0376,0.0372,0.0748,,1 PR OTOLITHS
ATSH064,IP,6,13,2002,20:00,M,MAT,3,68,74,88,90,68,5.4992,4,ATSH064,UNID DECAPOD SHRIMP,SHR,1,5,1.0302,,,,,,,,,,EXOSKELETON
ATSH064,,,,,,,,,,,,,,,,ATSH064,MENTICIRRHUS LITTORALIS,BEN,1,1,3.3188,,69,16,,,0.0032,0.0034,0.0066,,WHOLE
ATSH064,,,,,,,,,,,,,,,,ATSH064,F. OPHICHTHIDAE,BEN,1,2,1.1273,,121,,,,,,,,
ATSH064,,,,,,,,,,,,,,,,ATSH064,THALASSIA TESTUDINUM,PLA,1,,0.0229,,,,,,,,,,
ATSH065,IP,6,13,2002,20:00,M,MAT,3.5,74,80,95,96,76,1.021,1,ATSH065,UNID DECAPOD SHRIMP,SHR,1,4,1.021,,,,,,,,,,"MEAT, TAIL"
ATSH066,IP,6,13,2002,20:00,M,MAT,3.25,71,77,93,95,79,0,0,ATSH066,,,0,6,0,,,,,,,,,,
ATSH067,IP,6,13,2002,20:00,M,MAT,3.25,72,78,92,94,94,0,0,ATSH067,,,0,6,0,,,,,,,,,,
ATSH068,IP,6,13,2002,20:00,M,MAT,3.75,74,80,96,97,66,0.0276,1,ATSH068,UNID DECAPOD SHRIMP,SHR,1,3,0.2076,,,,,,,,,,TAIL
ATSH069,IP,6,13,2002,20:00,M,MAT,3.5,71,77.5,92,93.5,123,34,1,ATSH069,BREVOORTIA PATRONUS,PEL,1,1,34,122,140,41,,,,,,,WHOLE
ATSH070,IP,6,13,2002,20:00,M,MAT,3.5,74,81.5,97,99,69,0.0216,1,ATSH070,UFR,UFR,1,5,0.0216,,,,,,,,,,2 LENS
ATSH071,IP,6,13,2002,20:00,M,MAT,3.5,70,77,92,93,79,0,0,ATSH071,,,0,6,0,,,,,,,,,,
ATSH072,IP,6,13,2002,20:00,M,MAT,3,67,73,86,88,56,0.7805,1,ATSH072,LOLLIGUNCULA BREVIS,CEP,1,3,0.7805,,,,,,,,,,"MEAT, BEAK"
ATSH073,IP,6,13,2002,20:00,M,MAT,3.5,74,81,97,98,110,30,1,ATSH073,BREVOORTIA PATRONUS,PEL,1,2,30,,,47,,,,,,,BIT IN HALF
ATSH074,IP,6,13,2002,20:00,M,MAT,4,76,82,,,90,2.3816,1,ATSH074,CYNOSCION ARENARIUS,BEN,1,5,2.3816,,,,,,0.0385,0.0303,0.0688,,"1 PR OTOLITH, MEAT, VERTEBRAE, 2 LENS"
ATSH075,IP,6,13,2002,20:00,M,MAT,2.5,63,68,82,84,52,0.082,1,ATSH075,BREVOORTIA SP,PEL,1,5,0.082,,,,,,0.0014,,,,"1 OTOLITH, 1 LENS"
ATSH076,IP,6,13,2002,20:00,M,MAT,3,68,75,90,92,72,0.8282,5,ATSH076,F. SCIAENIDAE,BEN,4,5,0.3706,,,,,,,,,,"8 PR OTOLITHS, MEAT, VERTEBRAE"
ATSH076,,,,,,,,,,,,,,,,ATSH076,F. PORTUNIDAE,CRA,1,5,0.4576,,,,,,,,,,"CLAW, EXPSKELETON"
ATSH077,IP,6,13,2002,20:00,M,MAT,3,68,74,90,91,54,0,0,ATSH077,,,0,6,0,,,,,,,,,,
ATSH078,IP,6,13,2002,4:00,M,MAT,4.25,73,80,96,98,78,3.8196,6,ATSH078,F. SCIAENIDAE,BEN,1,5,0.0027,,,,,,0.0013,0.0014,0.0027,,1 PR OTOLITHS
ATSH078,,,,,,,,,,,,,,,,ATSH078,F. SCIAENIDAE,BEN,1,5,0.0033,,,,,,0.0033,,,,1 OTOLITH
ATSH078,,,,,,,,,,,,,,,,ATSH078,F. SCIAENIDAE,BEN,1,5,0.0013,,,,,,0.0007,0.0006,0.0013,,1 PR OTOLITHS
ATSH078,,,,,,,,,,,,,,,,ATSH078,UNID DECAPOD SHRIMP,SHR,1,2,3.6706,,,,,,,,,,HEAD
ATSH078,,,,,,,,,,,,,,,,ATSH078,SHELL FRAGMENT,OTR,1,,0.009,,,,,,,,,,2 PIECES
ATSH078,,,,,,,,,,,,,,,,ATSH078,F. SCIAENIDAE,BEN,1,5,0.1327,,,,,,0.0116,0.01,0.0216,,"1 PR OTOLITHS, 2 LENS, HEADBONE"
ATSH079,IP,6,13,2002,20:00,M,MAT,3,69,71,90,91,65,0,0,ATSH079,,,0,6,0,,,,,,,,,,
ATSH080,IP,6,13,2002,20:00,M,MAT,3.5,72.5,79,94,96,64,0.028,3,ATSH080,MICROPOGONIAS UNDULATUS,BEN,2,5,0.0166,,,,,,0.0166,,,,1 OTOLITH
ATSH080,,,,,,,,,,,,,,,,ATSH080,MICROPOGONIAS UNDULATUS,BEN,1,5,0.0114,,,,,,,,,,"1 OTOLITH, 3 LENS"
ATSH081,IP,6,13,2002,20:00,M,MAT,4,73,80,96,98,78,1.9639,1,ATSH081,UFR,UFR,1,4,1.9639,,,,,,,,,,"1 LENS, BONES"
ATSH082,IP,6,13,2002,20:00,M,MAT,4.5,80,86.5,103,105,97,0.4633,3,ATSH082,LOLLIGUNCULA BREVIS,CEP,2,5,0.0659,,,,,,,,,,1 BEAK
ATSH082,,,,,,,,,,,,,,,,ATSH082,UNID DECAPOD SHRIMP,SHR,1,5,0.3974,,,,,,,,,,"LEGS, 1 LENS, EXOSKELETON"
ATSH083,IP,6,13,2002,20:00,M,MAT,4,78,84,100,102,132,57,1,ATSH083,BREVOORTIA PATRONUS,PEL,1,2,57,,,49,50,,,,,,
ATSH084,IP,6,13,2002,20:00,M,MAT,2.53,69,74,88,89,73,4.0396,2,ATSH084,F. CLUPEIDAE,PEL,1,5,0.3075,,,,,,,,,,GIZZARD
ATSH084,,,,,,,,,,,,,,,,ATSH084,SQUILLA EMPUSA,SHR,1,4,3.7321,,,,,,,,,,"TAIL, CLAWS"
ATSH085,IP,6,13,2002,20:00,M,MAT,2.5,,68,82,83,54,0,0,ATSH085,,,0,6,0,,,,,,,,,,
ATSH086,IP,6,13,2002,16:00,M,MAT,3.5,72.5,78.5,93,95,64,0.0367,1,ATSH086,BAGRE MARINUS,BEN,1,5,0.0367,,,,,,0.0367,,,,1 OTOLITH
ATSH087,IP,6,13,2002,20:00,M,MAT,3.25,70,76,92,,79,0,0,ATSH087,,,0,6,0,,,,,,,,,,
ATSH088,IP,6,13,2002,20:00,M,MAT,4,73,80,93,94,100,0,0,ATSH088,,,0,6,0,,,,,,,,,,
ATSH089,IP,6,13,2002,20:00,M,MAT,3.5,76,83,99,100,157,60.2338,3,ATSH089,LOLLIGUNCULA BREVIS,CEP,1,5,0.1076,,,,,,,,,,BEAK
ATSH089,,,,,,,,,,,,,,,,ATSH089,BREVOORTIA PATRONUS,PEL,1,2,58,,,54,45,95,,,,,
ATSH089,,,,,,,,,,,,,,,,ATSH089,MICROPOGONIAS UNDULATUS,BEN,1,4,2.1262,,,,,,0.0333,0.0297,0.063,,"MEAT, BONES, 1 PR OTOLITHS"
ATSH090,IP,6,13,2002,20:00,M,MAT,3.25,75,82,98,100,116,26.375,4,ATSH090,BREVOORTIA PATRONUS,PEL,1,2,14.3714,,,,39,,,,,,BIT IN HALF
ATSH090,,,,,,,,,,,,,,,,ATSH090,CALLINECTES SAPIDUS,CRA,1,2,5.5341,,,,,,,,,40,
ATSH090,,,,,,,,,,,,,,,,ATSH090,UNID DECAPOD SHRIMP,SHR,2,3,6.4695,,,,,,,,,,
ATSH091,IP,6,13,2002,20:00,M,MAT,3.5,71,77,92,94,86,0,0,ATSH091,,,0,6,0,,,,,,,,,,
ATSH092,IP,6,13,2002,20:00,M,MAT,3,71,77,90,92,84,17.3396,5,ATSH092,F. SCIAENIDAE,BEN,1,5,0.0344,,,,,,0.017,0.0174,0.0344,,1 PR OTOLITHS
ATSH092,,,,,,,,,,,,,,,,ATSH092,O. ISOPODA,UCR,1,2,0.2873,,19,,,,,,,,
ATSH092,,,,,,,,,,,,,,,,ATSH092,UNID DECAPOD SHRIMP,SHR,2,4,17,,,,,,,,,,
ATSH092,,,,,,,,,,,,,,,,ATSH092,UFR,UFR,1,5,0.0179,,,,,,,,,,SMALL VERTEBRAL COLUMN
ATSH093,IP,6,13,2002,20:00,M,MAT,3.25,71,77,92,93,65,0,0,ATSH093,,,0,6,0,,,,,,,,,,
ATSH094,IP,6,13,2002,20:00,M,MAT,3.25,71,77,92,94,62,0,0,ATSH094,,,0,6,0,,,,,,,,,,
ATSH095,IP,7,18,2002,20:00,M,MAT,3.49,71,79,95,96,133.5,62.9,2,ATSH095,BREVOORTIA PATRONUS,PEL,1,2,34.2,124,148,42,36,68,,,,,WHOLE
ATSH095,,,,,,,,,,,,,,,,ATSH095,BREVOORTIA PATRONUS,PEL,1,1,28.7,,,40.5,39,85,,,,,WHOLE
ATSH096,IP,7,18,2002,8:00,M,JUV,2.25,56,61,76,77,47.4,8.9,2,ATSH096,BREVOORTIA SP,PEL,2,5,8.9,,,,,,,,,,"1PR OTOLITHS, MEAT, BONES, 2 LENS"
ATSH097,IP,7,18,2002,20:00,M,MAT,1.97,61,67,83,83.5,40,0,0,ATSH097,,,0,6,0,,,,,,,,,,
ATSH098,IP,5,23,2002,,M,YOY,0.18,26.2,29.8,35.6,35.9,9.9,5.1007,2,ATSH098,UFR,UFR,1,5,0.0007,,,,,,0.0007,,,,"1 OTOLITH, OVAL NON-DISCRIPT, VERY SMALL"
ATSH098,,,,,,,,,,,,,,,,ATSH098,F. ARIIDAE,BEN,1,4,5.1,,,,,,,,,,2 PIECES BITTEN
ATSH099,IP,6,30,2002,,M,YOY,0.105,22,24,29,30,3.4,0.0384,2,ATSH099,BAGRE MARINUS,BEN,1,5,0.0085,,,,,,0.0085,,,,1 OTOLITH
ATSH099,,,,,,,,,,,,,,,,ATSH099,UNID DECAPOD SHRIMP,SHR,1,5,0.0299,,,,,,,,,,SHELL
ATSH100,IP,5,23,2002,,F,NEO,0.18,23.5,26.5,32.2,33.7,2.3,0.0072,1,ATSH100,F. ARIIDAE,BEN,1,5,0.0072,,,,,,,,,,CATFISH SCALES
ATSH101,IP,5,23,2002,,F,NEO,0.16,26,28.7,35.5,36,5.6,2.1,1,ATSH101,UNID DECAPOD SHRIMP,SHR,1,4,2.1,,,,,,,,,,"SHELL, MEAT"
ATSH102,IP,6,30,2002,,F,YOY,0.13,24.5,27,33,,3.4,0,0,ATSH102,,,0,6,0,,,,,,,,,,
ATSH103,IP,6,30,2002,,F,YOY,0.175,25.5,28,34,35,5.8,1.5,1,ATSH103,UNID DECAPOD SHRIMP,SHR,1,4,1.5,,,,,,,,,,"SHELL, MEAT"
ATSH104,IP,6,30,2002,,M,YOY,0.165,26,29,35,35.5,5.1,0.0879,1,ATSH104,UNID DECAPOD SHRIMP,SHR,1,5,0.0879,,,,,,,,,,TAIL
ATSH105,IP,5,23,2002,,M,NEO,0.18,24.5,27.6,33.7,34.3,2.8,0.2518,1,ATSH105,UNID DECAPOD SHRIMP,SHR,1,4,0.2518,,,,,,,,,,"SHELL, MEAT"
ATSH106,IP,5,23,2002,,F,NEO,0.13,23.5,26,31.5,32.5,4.9,0.6,1,ATSH106,LOLLIGUNCULA BREVIS,CEP,1,3,0.6,,23.9,,,,,,,,
ATSH107,IP,5,23,2002,,M,NEO,0.145,25,27.5,34,35,3.2,0.008,1,ATSH107,ANCHOA SP,PEL,1,3,0.008,,21,,,,,,,,WHOLE BUT DIGESTED
ATSH108,IP,5,23,2002,,M,NEO,0.11,23.1,25.5,31.3,32,2.6,0,0,ATSH108,,,0,6,0,,,,,,,,,,
ATSH109,IP,6,30,2002,,M,YOY,0.15,25.5,28,34,35,4.1,0.1107,3,ATSH109,HALADULE BEAUDETTEI,PLA,1,,0.0574,,,,,,,,,,5 BLADES
ATSH109,,,,,,,,,,,,,,,,ATSH109,UNID DECAPOD SHRIMP,SHR,1,5,0.0183,,,,,,,,,,EXOSKELETON
ATSH109,,,,,,,,,,,,,,,,ATSH109,UNID DECAPOD CRAB,CRA,1,2,0.035,,4,,,,,,,,
ATSH110,IP,6,30,2002,,F,YOY,0.26,,32,38.5,39.5,14.2,3.9919,2,ATSH110,UFR,UFR,1,4,0.0279,,18.6,,,,,,,,1 OTOLITH
ATSH110,,,,,,,,,,,,,,,,ATSH110,C. CRUSTACEA,UCR,1,5,3.964,,,,,,,,,,
ATSH111,IP,5,23,2002,,F,NEO,0.11,22.9,25.4,31,31.9,3.3,0,0,ATSH111,,,0,6,0,,,,,,,,,,
ATSH112,IP,6,13,2002,,M,NEO,0.152,25.5,28,34,35,6.9,0.0537,1,ATSH112,UFR,UFR,1,5,0.0537,,,,,,,,,,SCALES
ATSH113,IP,5,23,2002,,M,NEO,0.175,25.6,28.7,35.5,36,3.7,0.3728,1,ATSH113,UFR,UFR,1,5,0.3728,,,,,,,,,,"1 LENS, MUSH"
ATSH114,IP,5,23,2002,,M,NEO,0.19,26.7,29.8,36.5,37,2.7,0,0,ATSH114,,,0,6,0,,,,,,,,,,
ATSH115,IP,5,23,2002,,M,NEO,0.165,26.2,29,36,36.5,7.4,2.2,2,ATSH115,UNID DECAPOD SHRIMP,SHR,1,2,0.5,,,,,,,,,,
ATSH115,,,,,,,,,,,,,,,,ATSH115,ANCHOA MITCHILLI,PEL,1,1,1.7,,68.9,12.8,13.9,,,,,,
ATSH116,IP,5,23,2002,,F,NEO,0.18,26.5,29.5,36,36.9,2.1,0,0,ATSH116,,,0,6,0,,,,,,,,,,
ATSH117,IP,6,13,2002,,M,NEO,0.152,25.5,28,34,35,3,1.3,1,ATSH117,UNID DECAPOD CRAB,CRA,1,5,1.3,,,,,,,,,,"EXOSKELETON, LEGS, MEAT"
ATSH118,IP,7,18,2002,20:00,F,YOY,0.19,26,29,35.5,36,5.2,0,0,ATSH118,,,0,6,0,,,,,,,,,,
ATSH119,IP,6,30,2002,,M,YOY,0.145,25,27.5,34,35,4,0.5918,1,ATSH119,UNID DECAPOD SHRIMP,SHR,1,4,0.5918,,,,,,,,,,"EXOSKELETON, LEGS"
ATSH120,IP,5,23,2002,,F,NEO,0.105,26,28.6,35.5,35.6,3.1,0.2473,2,ATSH120,UNID DECAPOD SHRIMP,SHR,1,5,0.2455,,,,,,,,,,"EXOSKELETON, 2 LENS, MUSH"
ATSH120,,,,,,,,,,,,,,,,ATSH120,UNID ALGAE,PLA,1,,0.0018,,,,,,,,,,
ATSH121,IP,5,23,2002,,M,NEO,0.16,25.5,28.5,,,2.8,0,0,ATSH121,,,0,6,0,,,,,,,,,,
ATSH122,IP,5,23,2002,,M,NEO,0.8,21.4,23.5,28.7,28.5,3.5,0.7535,2,ATSH122,UFR,UFR,1,4,0.4535,,,,,,,,,,"MEAT, 1 OTOLITH"
ATSH122,,,,,,,,,,,,,,,,ATSH122,LOLLIGUNCULA BREVIS,CEP,1,5,0.3,,,,,,,,,,
ATSH123,IP,5,23,2002,,F,NEO,0.17,25.3,28,34.1,35,5.1,1.4,1,ATSH123,LOLLIGUNCULA BREVIS,CEP,1,3,1.4,,29.6,,,,,,,,
ATSH124,IP,6,13,2002,,F,NEO,0.169,26,29,35,36,4.6,0,0,ATSH124,,,0,6,0,,,,,,,,,,
ATSH125,IP,7,23,2002,,M,YOY,0.175,27,30,36,37.5,7,2,1,ATSH125,STELLIFER LANCEOLATUS,BEN,1,2,2,,,14.7,13.1,25.7,0.0059,0.006,0.0119,,
ATSH126,IP,6,30,2002,,M,NEO,0.18,26,28.5,34.5,35.5,3.6,0,0,ATSH126,,,0,6,0,,,,,,,,,,
ATSH127,IP,5,23,2002,,M,NEO,0.13,24,27,33,34,2.93,0,0,ATSH127,,,0,6,0,,,,,,,,,,
ATSH128,IP,5,30,2002,,M,NEO,0.18,26.5,29.5,36,34,3.03,0.34,1,ATSH128,UNID DECAPOD SHRIMP,SHR,1,5,0.34,,,,,,,,,,"LEGS, EXOSKELETON"
ATSH129,IP,5,30,2002,,F,NEO,0.175,26.5,29,36.5,37.5,5.56,0,0,ATSH129,,,0,6,0,,,,,,,,,,
ATSH130,IP,5,30,2002,,F,NEO,0.195,26.5,29.5,37,37.5,2.59,0,0,ATSH130,,,0,6,0,,,,,,,,,,
ATSH131,IP,5,30,2002,,F,NEO,0.135,24,26.5,33,34,0.135,0.16,1,ATSH131,UFR,UFR,1,5,0.16,,,,,,,,,,
ATSH132,IP,5,30,2002,,M,NEO,0.13,24,26.5,33,33.5,2.85,0,0,ATSH132,,,0,6,0,,,,,,,,,,
ATSH133,IP,5,30,2002,,F,NEO,0.12,22.5,25,31,32,3.72,0.1,1,ATSH133,UNID DECAPOD SHRIMP,SHR,1,5,0.1,,,,,,,,,,"LEGS, EXOSKELETON"
ATSH134,IP,5,30,2002,,F,NEO,0.135,25,28,33,34,2.23,0,0,ATSH134,,,0,6,0,,,,,,,,,,
ATSH135,IP,5,30,2002,,M,NEO,0.14,26,28,34,35,2.56,0,0,ATSH135,,,0,6,0,,,,,,,,,,
ATSH136,IP,5,30,2002,,M,NEO,0.14,25,28,34,35,6.69,2.32,2,ATSH136,UNID DECAPOD SHRIMP,SHR,1,5,2.19,,,,,,,,,,"MEAT, LEGS"
ATSH136,,,,,,,,,,,,,,,,ATSH136,F. SCIAENIDAE,BEN,1,4,0.13,,,,,,,,,,HEAD ONLY
ATSH137,IP,5,30,2002,,F,NEO,0.155,25,27.5,33,34,3.76,0.03,1,ATSH137,UNID DECAPOD SHRIMP,SHR,1,5,0.03,,,,,,,,,,"EXOSKELETON, LENS"
ATSH138,IP,6,4,2002,12:35,M,MAT,3.58,76,82,97,99,70.52,0,0,ATSH138,,,0,6,0,,,,,,,,,,
ATSH139,IP,5,30,2002,,M,NEO,0.155,25,27.5,34,34.5,2.95,0,0,ATSH139,,,0,6,0,,,,,,,,,,
ATSH140,IP,5,30,2002,,F,NEO,0.145,24,26.5,32.5,33.5,3.3,0.28,1,ATSH140,UNID DECAPOD SHRIMP,SHR,1,5,0.28,,,,,,,,,,EXOSKELETON
ATSH141,IP,5,30,2002,,M,NEO,0.135,24,27,33.5,34,2.64,0.03,1,ATSH141,UNID DECAPOD SHRIMP,SHR,1,5,0.03,,,,,,,,,,
ATSH142,IP,5,30,2002,,F,NEO,0.115,23,25.5,32,32.5,2.86,0.05,1,ATSH142,F. ARIIDAE,BEN,1,5,0.05,,,,,,,,,,"2 LENS, SCALES"
ATSH143,IP,5,30,2002,,M,NEO,0.17,26,29,35,36,3.99,0.424,1,ATSH143,MICROPOGONIAS UNDULATUS,BEN,1,5,0.424,,,,,,0.021,0.023,0.045,,"1 PR OTOLITHS, 2 LENS, MEAT, VERTEBRAE"
ATSH144,IP,5,30,2002,,M,NEO,0.12,23,26,32,33,7.13,1.674,2,ATSH144,ANCHOA MITCHILLI,PEL,1,5,1.114,,,,,,0.002,0.002,0.004,,"1 PR OTOLITHS, BONES, MEAT, SCALES"
ATSH144,,,,,,,,,,,,,,,,ATSH144,UNID DECAPOD SHRIMP,SHR,1,5,0.56,,,,,,,,,,EXOSKELETON
ATSH145,IP,5,30,2002,,F,NEO,0.15,26,28.5,35.5,36.5,3.84,0.694,1,ATSH145,CYNOSCION SP,BEN,1,4,0.694,,,,,,,,,,1 PR OTOLITHS
ATSH146,IP,5,30,2002,,M,NEO,0.135,24,27,33,34,4.54,0.07,1,ATSH146,F. PENAEIDAE,SHR,2,5,0.07,,,,,,,,,,1 HEAD
ATSH147,IP,5,30,2002,,M,NEO,0.155,25,28,34,35,3.91,0.001,1,ATSH147,UFR,UFR,1,5,0.001,,,,,,,,,,1 PR OTOLITHS
ATSH148,IP,5,30,2002,,M,NEO,0.135,24,27,33,34,2.85,0.14,1,ATSH148,UNID DECAPOD SHRIMP,SHR,1,5,0.14,,,,,,,,,,EXOSKELETON
ATSH149,IP,5,30,2002,,M,NEO,0.09,21,23.5,29,29.5,3.31,0.087,1,ATSH149,ANCHOA MITCHILLI,PEL,1,5,0.087,,,,,,0.003,0.003,0.006,,1 PR OTOLITHS
ATSH150,IP,5,30,2002,,F,NEO,0.125,24,26.5,33,33.5,1.99,0,0,ATSH150,,,0,6,0,,,,,,,,,,
ATSH151,IP,5,30,2002,,M,NEO,0.15,24.5,27.5,34,34.5,2.23,0,0,ATSH151,,,0,6,0,,,,,,,,,,
ATSH152,IP,5,30,2002,,M,NEO,0.13,24,27,33.5,34,6.63,2.41,1,ATSH152,F. PENAEIDAE,SHR,1,4,2.41,,,,,,,,,,"HEAD, TAIL, LEGS"
ATSH153,IP,5,30,2002,,M,NEO,0.16,26,29,35.5,36,2.64,0.193,4,ATSH153,F. PENAEIDAE,SHR,4,4,0.193,,,,,,,,,,HEAD
ATSH154,IP,5,30,2002,,M,NEO,0.13,23.5,26,32.5,33.5,2.64,0.181,1,ATSH154,UNID DECAPOD SHRIMP,SHR,1,5,0.181,,,,,,,,,,EXOSKELETON
ATSH155,IP,5,30,2002,,M,NEO,0.14,25,28,34.5,35.5,2.39,0,0,ATSH155,,,0,6,0,,,,,,,,,,
ATSH156,IP,5,30,2002,,F,NEO,0.15,26.5,29.5,36,37,4.53,0.786,1,ATSH156,UNID DECAPOD SHRIMP,SHR,1,5,0.786,,,,,,,,,,"EXOSKELETON, MUSH"
ATSH157,IP,5,30,2002,,M,NEO,0.151,25.5,28,35,35.5,4.73,0.765,1,ATSH157,UNID DECAPOD SHRIMP,SHR,1,5,0.765,,,,,,,,,,"EXOSKELETON, MUSH"
ATSH158,IP,5,30,2002,,F,NEO,0.13,24,26,32,33,1.84,0,0,ATSH158,,,0,6,0,,,,,,,,,,
ATSH159,IP,5,30,2002,,F,NEO,0.15,25,28,34,35,2.51,0.065,1,ATSH159,UNID DECAPOD SHRIMP,SHR,1,5,0.065,,,,,,,,,,"LEGS, EXOSKELETON"
ATSH160,IP,5,30,2002,,F,NEO,0.11,23.5,26,32.5,33,2.57,0,0,ATSH160,,,0,6,0,,,,,,,,,,
ATSH161,IP,5,30,2002,,F,NEO,0.11,23,26,32,32.5,5.88,2.246,1,ATSH161,MICROPOGONIAS UNDULATUS,BEN,1,4,2.246,,,,,,0.018,0.018,0.036,,"1 PR OTOLITHS, BONES, MEAT"
ATSH162,IP,5,30,2002,,M,NEO,0.17,26,29,35.5,37,13.25,8.15,2,ATSH162,UNID DECAPOD SHRIMP,SHR,1,2,4.75,,,,,,,,,,"MEAT, EXOSKELETON, LEGS"
ATSH162,,,,,,,,,,,,,,,,ATSH162,F. SCIAENIDAE,BEN,1,2,3.4,,,,,,,,,,BIT IN HALF - TAIL END
ATSH163,IP,5,30,2002,,M,NEO,0.14,24.5,27.5,34,35,3.61,0,0,ATSH163,,,0,6,0,,,,,,,,,,
ATSH164,IP,5,30,2002,,M,NEO,0.125,24,26.5,33,33.5,3.25,1.34,1,ATSH164,ANCHOA SP.,PEL,1,2,1.34,,,10.4,,,,,,,WHOLE BUT DIGESTED
ATSH165,IP,5,30,2002,,F,NEO,0.15,26,28.5,35,36,2.54,0,0,ATSH165,,,0,6,0,,,,,,,,,,
ATSH166,IP,5,30,2002,,M,NEO,0.155,25,28,34,34.5,6.19,0.635,1,ATSH166,MICROPOGONIAS UNDULATUS,BEN,1,5,0.635,,,,,,0.015,,,,"1 OTOLITH, 1 LENS, MEAT, VERTEBRAE"
ATSH167,IP,5,30,2002,,F,NEO,0.145,25,28,34.5,35,4.3,1.16,3,ATSH167,LOLLIGUNCULA BREVIS,CEP,1,5,0.65,,,,,,,,,,WHOLE BUT DIGESTED
ATSH167,,,,,,,,,,,,,,,,ATSH167,CYNOSCION SP,BEN,1,5,0.49,,,,,,0.015,0.015,0.03,,"1 PR OTOLITHS, MEAT, BONES"
ATSH167,,,,,,,,,,,,,,,,ATSH167,F. PENAEIDAE,SHR,1,4,0.02,,,,,,,,,,HEAD
ATSH168,IP,5,30,2002,,F,NEO,0.16,24.5,27,34,34.5,2.31,0,0,ATSH168,,,0,6,0,,,,,,,,,,
ATSH169,IP,5,30,2002,,F,NEO,0.155,26,28.5,34.5,35.5,2.31,0,0,ATSH169,,,0,6,0,,,,,,,,,,
ATSH170,IP,5,30,2002,,F,NEO,0.175,26.5,29,37,37.5,7.33,2.26,1,ATSH170,F. PENAEIDAE,SHR,1,4,2.26,,,,,,,,,,"HEAD, TAIL, LEGS, EXOSKELETON"
ATSH171,IP,5,30,2002,,M,NEO,0.14,24,27,33,33.5,3.34,0.12,1,ATSH171,UNID DECAPOD SHRIMP,SHR,1,5,0.12,,,,,,,,,,"EXOSKELETON, MUSH"
ATSH172,IP,5,30,2002,,F,NEO,0.125,25,27,33,34,2.65,0.026,1,ATSH172,MICROPOGONIAS UNDULATUS,BEN,1,5,0.026,,,,,,0.01,0.015,0.025,,"1 PR OTOLITHS, 2 LENS"
ATSH173,IP,5,30,2002,,F,NEO,0.145,26,29,35,35.5,4.53,0.08,2,ATSH173,LOLLIGUNCULA BREVIS,CEP,2,5,0.07,,,,,,,,,,"BEAK, 2 LENS"
ATSH173,,,,,,,,,,,,,,,,ATSH173,ANCHOA SP,PEL,1,5,0.01,,,,,,,,,,"2 LENS, 1 OTOLITH"
ATSH174,IP,5,30,2002,,M,NEO,0.145,25,28,34,35,3.02,0,0,ATSH174,,,0,6,0,,,,,,,,,,
ATSH175,IP,5,30,2002,,M,NEO,0.135,25,27,33,34,3.22,0.59,2,ATSH175,UFR,UFR,1,5,0.52,,,,,,,,,,"VERTEBRAE, MUSH"
ATSH175,,,,,,,,,,,,,,,,ATSH175,F. PENAEIDAE,SHR,1,4,0.07,,,,,,,,,,"MEAT, EXOSKELETON"
ATSH176,IP,5,30,2002,,M,NEO,0.13,25.5,28,34,35,2.44,0,0,ATSH176,,,0,6,0,,,,,,,,,,
ATSH177,IP,5,30,2002,,F,NEO,0.16,25.5,28,34,35,2.46,0.1,2,ATSH177,F. PENAEIDAE,SHR,1,3,0.08,,,,,,,,,,"HEAD, MEAT"
ATSH177,,,,,,,,,,,,,,,,ATSH177,UFR,UFR,1,2,0.02,,,,,,,,,,WHOLE BUT DIGESTED - VERY SMALL
ATSH178,IP,5,30,2002,,M,NEO,0.125,24,27,33,34,2.57,0.22,1,ATSH178,UNID DECAPOD SHRIMP,SHR,1,5,0.22,,,,,,,,,,EXOSKELETON
ATSH179,IP,5,30,2002,,F,NEO,0.2,28,31,38,39,2.15,0,0,ATSH179,,,0,6,0,,,,,,,,,,
ATSH180,IP,5,30,2002,,M,NEO,0.145,25,27,33,34,9.15,5.71,1,ATSH180,UNID DECAPOD SHRIMP,SHR,1,5,5.71,,,,,,,,,,"MEAT, EXOSKELETON"
ATSH181,IP,5,30,2002,,F,NEO,0.16,26,28,34,35,2.55,0.61,1,ATSH181,F. PENEAIDAE,SHR,1,4,0.61,,,,,,,,,,"HEAD, TAIL"
ATSH182,IP,5,30,2002,,M,NEO,0.165,27,30,36,37,6.83,3.594,3,ATSH182,STELLIFER LANCEOLATUS,BEN,1,4,1.73,,,,,,0.005,,,,"1 OTOLITH, BONES, MUSH"
ATSH182,,,,,,,,,,,,,,,,ATSH182,STELLIFER LANCEOLATUS,BEN,1,4,1.172,,,,,,0.001,0.001,0.002,,"1 PR OTOLITH, MEAT, BONES"
ATSH182,,,,,,,,,,,,,,,,ATSH182,F. SCIAENIDAE,BEN,1,4,0.692,,,,,,0.001,0.001,0.002,,"1 PR OTOLITHS (DIGESTED), MEAT, BONES"
ATSH183,IP,5,30,2002,,M,NEO,0.14,24.5,26.5,33,33.5,2.52,0,0,ATSH183,,,0,6,0,,,,,,,,,,
ATSH184,IP,5,30,2002,,F,NEO,0.14,26,28,35,35.5,3.42,0,0,ATSH184,,,0,6,0,,,,,,,,,,
ATSH185,IP,5,30,2002,,F,NEO,0.125,23,26.5,32.5,33,1.7,0,0,ATSH185,,,0,6,0,,,,,,,,,,
ATSH186,IP,5,30,2002,,F,NEO,0.085,21.5,24,29.5,30.5,3.07,0.08,1,ATSH186,UNID DECAPOD SHRIMP,SHR,1,5,0.08,,,,,,,,,,EXOSKELETON
ATSH187,IP,5,30,2002,,M,NEO,0.13,24,27,33,34,4.3,1.462,3,ATSH187,BITTIUM SP,CEP,1,1,0.13,,10.7,,,,,,,,"VERY SMALL, WHOLE"
ATSH187,,,,,,,,,,,,,,,,ATSH187,ANCHOA SP,PEL,1,4,0.082,,,,,,0.002,,,,"1 OTOLITH, BONES"
ATSH187,,,,,,,,,,,,,,,,ATSH187,UNID DECAPOD SHRIMP,SHR,1,4,1.25,,,,,,,,,,TAIL
ATSH188,IP,5,30,2002,,F,NEO,0.165,27,30,36,37,2.31,0.02,1,ATSH188,F. PENEAIDAE,SHR,1,4,0.02,,,,,,,,,,HEAD
ATSH189,IP,5,30,2002,,M,NEO,0.15,26,29,35,36,2.01,0,0,ATSH189,,,0,6,0,,,,,,,,,,
ATSH190,IP,5,30,2002,,F,NEO,0.12,24,27,32,33,1.93,0.029,1,ATSH190,F. PENEAIDAE,SHR,1,4,0.029,,,,,,,,,,HEAD
ATSH191,IP,5,30,2002,,M,NEO,0.145,26,28.5,34,35,3.67,0.005,1,ATSH191,UFR,UFR,1,5,0.005,,,,,,,,,,2 LENS
ATSH192,IP,5,30,2002,,F,NEO,0.18,26.5,29.5,36,37,5,0.253,1,ATSH192,MICROPOGONIAS UNDULATUS,BEN,1,4,0.253,,,,,,0.017,0.016,0.033,,"1 PR OTOLITHS, MEAT, BONES, VERTEBRAE"
ATSH193,IP,5,30,2002,,M,NEO,0.17,26,29,35,36.5,3.893,0,0,ATSH193,,,0,6,0,,,,,,,,,,
ATSH194,IP,5,30,2002,,F,NEO,0.17,25.5,28,33,34.5,4.913,0.938,2,ATSH194,LOLLIGUNCULA BREVIS,CEP,1,4,0.049,,,,,,,,,,"BEAK, MUSH"
ATSH194,,,,,,,,,,,,,,,,ATSH194,UNID DECAPOD SHRIMP,SHR,1,4,0.889,,,,,,,,,,"2 LENS, EXOSKELETON, MEAT"
ATSH195,IP,5,30,2002,,M,NEO,0.135,25.5,28,34,35,2.588,0,0,ATSH195,,,0,6,0,,,,,,,,,,
ATSH196,IP,5,30,2002,,F,NEO,0.15,25,29.5,34.5,35,3.745,0.876,1,ATSH196,UNID DECAPOD SHRIMP,SHR,1,4,0.876,,,,,,,,,,"MEAT, EXOSKELETON, LEGS"
ATSH197,IP,5,30,2002,,M,NEO,0.15,26,29,35,35.5,3.471,0,0,ATSH197,,,0,6,0,,,,,,,,,,
ATSH198,IP,5,30,2002,,M,NEO,0.185,27,30,36,37,2.076,0,0,ATSH198,,,0,6,0,,,,,,,,,,
ATSH199,IP,5,30,2002,,M,NEO,0.14,25,27.5,34,35,3.872,0.913,1,ATSH199,UNID DECAPOD SHRIMP,SHR,1,5,0.913,,,,,,,,,,EXOSKELETON
ATSH200,IP,5,30,2002,,F,NEO,0.15,26,28,34,35,2.44,0.027,1,ATSH200,UNID DECAPOD SHRIMP,SHR,1,5,0.027,,,,,,,,,,EXOSKELETON
ATSH201,IP,5,30,2002,,F,NEO,0.125,24.5,28,34,34.5,4.55,0.967,1,ATSH201,MICROPOGIONIAS UNDULATUS,BEN,1,5,0.967,,,,,,0.01,,,,"1 OTOLITH, 1 LENS, MUSH"
ATSH202,IP,5,30,2002,,F,NEO,0.15,25,28,34.5,35,4.13,0,0,ATSH202,,,0,6,0,,,,,,,,,,
ATSH203,IP,5,30,2002,,M,NEO,0.145,25.5,28,33.5,34.5,2.81,0,0,ATSH203,,,0,6,0,,,,,,,,,,
ATSH204,IP,5,30,2002,,F,NEO,0.165,25.5,28,34,35,3.86,0,0,ATSH204,,,0,6,0,,,,,,,,,,
ATSH205,IP,5,30,2002,,M,NEO,0.15,25,28,34,38,8.06,2.884,3,ATSH205,MICROPOGONIAS UNDULATUS,BEN,1,4,0.758,,,,,,0.015,0.016,0.031,,"1 PR OTOLITHS, BONES, MEAT"
ATSH205,,,,,,,,,,,,,,,,ATSH205,MICROPOGONIAS UNDULATUS,BEN,1,4,1.294,,,,,,0.019,0.019,0.038,,"1 PR OTOLITHS, BONES, MEAT"
ATSH205,,,,,,,,,,,,,,,,ATSH205,CYNOSCION SP,BEN,1,4,0.832,,,,,,0.002,0.003,0.005,,
ATSH206,IP,5,30,2002,,M,NEO,0.14,24,26.5,33,33.5,2.31,0.204,1,ATSH206,UNID DECAPOD SHRIMP,SHR,1,4,0.204,,,,,,,,,,"EXOSKELETON, LEGS"
ATSH207,IP,5,30,2002,,M,NEO,0.13,25,27,33,34,4.51,1.552,2,ATSH207,ANCHOA MITCHILLI,PEL,2,4,1.552,,,,,,,,,,"MEAT, BONES"
ATSH208,IP,5,30,2002,,M,NEO,0.125,24,27,33,33.5,3.59,0.223,1,ATSH208,UNID DECAPOD SHRIMP,SHR,1,5,0.223,,,,,,,,,,EXOSKELETON
ATSH209,IP,5,30,2002,,M,NEO,0.165,26.5,29,36,37,5.38,0.023,1,ATSH209,MICROPOGONIAS UNDULATUS,BEN,1,5,0.023,,,,,,0.013,,,,"1 OTOLITH, 2 LENS"
ATSH210,IP,5,30,2002,,M,NEO,0.13,23,26,32,33,3.24,0,0,ATSH210,,,0,6,0,,,,,,,,,,
ATSH211,IP,5,30,2002,,F,NEO,0.2,27.5,30.5,38,39,9.09,1.13,2,ATSH211,F. SCIAENIDAE,BEN,1,5,0.76,,,,,,,,,,"BONES, PHRYENGEAL TEETH"
ATSH211,,,,,,,,,,,,,,,,ATSH211,UNID DECAPOD SHRIMP,SHR,1,4,0.37,,,,,,,,,,TAIL
ATSH212,IP,5,30,2002,,M,NEO,0.165,26,29,36,37,7.35,2.28,1,ATSH212,F. PENAEIDAE,SHR,1,4,2.28,,,,,,,,,,"HEAD, EXOSKELETON"
ATSH213,IP,5,30,2002,,M,NEO,0.12,23.5,25,31.5,32.5,2.1,0,0,ATSH213,,,0,6,0,,,,,,,,,,
ATSH214,IP,5,30,2002,,F,NEO,0.19,25.5,28.5,35,35.5,16.07,11.72,1,ATSH214,BREVOORTIA SP,PEL,1,2,11.72,,,,,,,,,,"SEVERAL PIECES, NOT WHOLE"
ATSH215,IP,5,30,2002,,M,NEO,0.18,25,28,34.5,35,8.95,3,2,ATSH215,UNID DECAPOD SHRIMP,SHR,1,4,2.98,,,,,,,,,,"MEAT, EXOSKELETON"
ATSH215,,,,,,,,,,,,,,,,ATSH215,MICROPOGONIAS UNDULATUS,BEN,1,5,0.02,,,,,,0.011,0.01,0.021,,1 PR OTOLITHS
ATSH216,IP,5,30,2002,,M,NEO,0.13,24.5,27,34,34.5,1.75,0,0,ATSH216,,,0,6,0,,,,,,,,,,
ATSH217,IP,5,30,2002,,M,NEO,0.12,24,26.5,33,33.5,4.62,0.602,3,ATSH217,ANCHOA SP,PEL,2,4,0.072,,,,,,,,,,VERTEBRAL COLUMN
ATSH217,,,,,,,,,,,,,,,,ATSH217,UNID DECAPOD SHRIMP,SHR,1,5,0.53,,,,,,,,,,"EXOSKELETON, MUSH"
ATSH218,IP,9,5,2002,,F,YOY,0.14,25,27,34,35,6.24,2.01,1,ATSH218,ANCHOA MITCHILLI,PEL,1,1,2.01,,59.92,,,,,,,,WHOLE BUT DIGESTED
ATSH219,IP,5,30,2002,,M,NEO,0.19,26,29,34.5,36,3.4,0,0,ATSH219,,,0,6,0,,,,,,,,,,
ATSH220,IP,5,30,2002,,M,NEO,0.15,25.5,28,35.5,36,3.13,0.27,1,ATSH220,UCR,UCR,1,5,0.27,,,,,,,,,,MUSH
ATSH221,IP,5,30,2002,,F,NEO,0.1,22,24.5,29.5,30,3.83,1.3,1,ATSH221,BREVOORTIA SP,PEL,1,4,1.3,,,,,,,,,,"1 PIECE, NOT WHOLE"
ATSH222,IP,5,30,2002,,M,NEO,0.14,24.5,27,32,33,7.53,4,1,ATSH222,UNID DECAPOD SHRIMP,SHR,1,5,4,,,,,,,,,,"MEAT, EXOSKELETON"
ATSH223,IP,5,30,2002,,M,NEO,0.13,24,27,33,34,3.4,0,0,ATSH223,,,0,6,0,,,,,,,,,,
ATSH224,IP,5,30,2002,,M,NEO,0.18,26,29,36,37,3.78,0,0,ATSH224,,,0,6,0,,,,,,,,,,
ATSH225,IP,5,30,2002,,M,NEO,0.155,26.5,29.5,36,36.5,2.19,0,0,ATSH225,,,0,6,0,,,,,,,,,,
ATSH226,IP,9,5,2002,,M,YOY,0.22,29,32,37,39,8.45,3.318,7,ATSH226,STELLIFER LANCEOLATUS,BEN,1,2,3.198,,,16.3,,,0.009,0.009,0.018,,WHOLE BUT DIGESTED
ATSH226,,,,,,,,,,,,,,,,ATSH226,BAGRE MARINUS,BEN,1,5,0.02,,,,,,0.011,0.009,0.02,,1 PR OTOLITHS
ATSH226,,,,,,,,,,,,,,,,ATSH226,MICROPOGONIAS UNDULATUS,BEN,1,5,0.014,,,,,,0.007,0.007,0.014,,1 PR OTOLITHS
ATSH226,,,,,,,,,,,,,,,,ATSH226,F. PENAEIDAE,SHR,1,5,0.0061,,,,,,,,,,EXOSKELETON
ATSH226,,,,,,,,,,,,,,,,ATSH226,STELLIFER LANCEOLATUS,BEN,1,5,0.012,,,,,,0.004,0.004,0.008,,1 PR OTOLITHS
ATSH226,,,,,,,,,,,,,,,,ATSH226,STELLIFER LANCEOLATUS,BEN,1,5,0.013,,,,,,0.0065,0.0065,0.013,,1 PR OTOLITHS
ATSH227,IP,5,30,2002,,M,NEO,0.13,25.5,28,34,35,4.13,0.559,3,ATSH227,UNID DECAPOD SHRIMP,SHR,1,5,0.55,,,,,,,,,,EXOSKELETON
ATSH227,,,,,,,,,,,,,,,,ATSH227,CYNOSCION SP,BEN,1,5,0.006,,,,,,0.003,0.003,0.00601,,1 PR OTOLITHS
ATSH227,,,,,,,,,,,,,,,,ATSH227,CYNOSCION SP,BEN,1,5,0.003,,,,,,0.0015,0.0015,0.003,,1 PR OTOLITHS
ATSH228,IP,5,30,2002,,F,NEO,0.14,25,28,34,35,3.43,0.55,2,ATSH228,UNID DECAPOD SHRIMP,SHR,1,5,0.14,,,,,,,,,,EXOSKELETON
ATSH228,,,,,,,,,,,,,,,,ATSH228,UFR,UFR,1,5,0.41,,,,,,,,,,"MUSH, SCALES"
ATSH229,IP,5,30,2002,,M,NEO,0.15,26,28.5,35,35.5,4.35,0.3341,3,ATSH229,MICROPOGONIAS UNDULATUS,BEN,1,4,0.3321,,,,,,0.001,0.0011,0.0021,,"1 PR OTOLITHS, MEAT, BONES"
ATSH229,,,,,,,,,,,,,,,,ATSH229,F. CYNOGLOSSIDAE,BEN,1,5,0.001,,,,,,0.0005,0.0005,0.001,,1 PR OTOLITHS
ATSH229,,,,,,,,,,,,,,,,ATSH229,STELLIFER LANCEOLATUS,BEN,1,5,0.001,,,,,,0.001,,,,1 OTOLITH
ATSH230,IP,8,7,2002,9:05,M,JUV,1.75,58,63,,,42.62,0,0,ATSH230,,,0,6,0,,,,,,,,,,
ATSH231,IP,5,30,2002,,M,NEO,0.14,25,28,34,34.5,7.47,2.25,2,ATSH231,UNID DECAPOD SHRIMP,SHR,1,4,2.1,,,,,,,,,,"TAIL, EXOSKELETON, MEAT"
ATSH231,,,,,,,,,,,,,,,,ATSH231,F. PENAEIDAE,SHR,1,4,0.15,,,,,,,,,,"TAIL, EXOSKELETON"
ATSH232,IP,5,30,2002,,M,NEO,0.125,24,26.5,32,33,7.9,3.95,2,ATSH232,UNID DECAPOD SHRIMP,SHR,2,4,3.95,,,,,,,,,,"TAIL, MEAT, LEGS, EXOSKELETON"
ATSH233,IP,5,30,2002,,M,NEO,0.12,23,26,32,33,9.19,4.58,3,ATSH233,F. PENAEIDAE,SHR,1,4,0.025,,,,,,,,,,HEAD
ATSH233,,,,,,,,,,,,,,,,ATSH233,MICROPOGONIAS UNDULATUS,BEN,1,3,2.28,,,,,,0.015,0.015,0.03,,WHOLE BUT DIGESTED
ATSH233,,,,,,,,,,,,,,,,ATSH233,MICROPOGONIAS UNDULATUS,BEN,1,3,2.275,,,,,,0.018,0.017,0.035,,WHOLE BUT DIGESTED
ATSH234,IP,5,30,2002,,M,NEO,0.11,23,25.5,30,31,2.17,0.081,2,ATSH234,LOLLIGUNCULA BREVIS,CEP,1,5,0.035,,,,,,,,,,"BEAK, 2 LENS"
ATSH234,,,,,,,,,,,,,,,,ATSH234,F. PENAEIDAE,SHR,1,4,0.046,,,,,,,,,,HEAD
ATSH235,IP,5,30,2002,,F,NEO,0.135,24,26.4,33,33.5,3.27,0,0,ATSH235,,,0,6,0,,,,,,,,,,
ATSH236,IP,5,30,2002,,F,NEO,0.16,26,29.5,35,36,2.8,0,0,ATSH236,,,0,6,0,,,,,,,,,,
ATSH237,IP,5,30,2002,,F,NEO,0.17,27,30,36,37,5.38,1.99,3,ATSH237,UNID DECAPOD SHRIMP,SHR,1,5,0.78,,,,,,,,,,TAIL
ATSH237,,,,,,,,,,,,,,,,ATSH237,MICROPOGONIAS UNDULATUS,BEN,1,4,1.174,,,,,,0.014,0.01,0.024,,"MEAT, 1 PR OTOLITHS"
ATSH237,,,,,,,,,,,,,,,,ATSH237,MICROPOGONIAS UNDULATUS,BEN,1,5,0.036,,,,,,0.018,0.018,0.036,,1 PR OTOLITHS
ATSH238,IP,5,30,2002,,F,NEO,0.13,24,26.5,32,33,4.54,0.93,1,ATSH238,UNID DECAPOD SHRIMP,SHR,1,5,0.93,,,,,,,,,,"EXOSKELETON, MEAT"
ATSH239,IP,5,30,2002,,M,NEO,0.155,26,29,35,36,4.05,0,0,ATSH239,,,0,6,0,,,,,,,,,,
ATSH240,IP,5,30,2002,,F,NEO,0.15,24.5,27.5,33.5,34.5,3.61,0.02,1,ATSH240,UNID DECAPOD SHRIMP,SHR,1,5,0.02,,,,,,,,,,EXOSKELETON
ATSH241,IP,5,30,2002,,M,NEO,0.15,24,27,33.5,34,4.42,0.74,1,ATSH241,UNID DECAPOD SHRIMP,SHR,1,5,0.74,,,,,,,,,,"EXOSKELETON, MEAT"
ATSH242,IP,5,30,2002,,M,NEO,0.14,25,27,33.5,35,3.04,0.033,1,ATSH242,F. PENAEIDAE,SHR,1,4,0.033,,,,,,,,,,HEAD
ATSH243,IP,5,30,2002,,M,NEO,0.13,24.5,27,34,35,2.7,0.018,1,ATSH243,F. PENAEIDAE,SHR,1,4,0.018,,,,,,,,,,TAIL
ATSH244,IP,5,30,2002,,F,NEO,0.16,25,28,34,34.5,5.35,0.617,3,ATSH244,UNID DECAPOD SHRIMP,SHR,1,4,0.6,,,,,,,,,,"LEGS, EXOSKELETON"
ATSH244,,,,,,,,,,,,,,,,ATSH244,CYNOSCION NOTHUS,BEN,1,5,0.016,,,,,,0.012,0.014,0.026,,1 PR OTOLITHS
ATSH244,,,,,,,,,,,,,,,,ATSH244,CYNOSCION SP,BEN,1,5,0.001,,,,,,0.0005,0.0005,0.001,,1 PR OTOLITHS
ATSH245,IP,5,30,2002,,F,NEO,0.13,24,27,33,34,1.99,0,0,ATSH245,,,0,6,0,,,,,,,,,,
ATSH246,IP,5,30,2002,,F,NEO,0.14,25,27.5,33,34,5.78,0.16,1,ATSH246,UNID DECAPOD SHRIMP,SHR,1,5,0.16,,,,,,,,,,EXOSKELETON
ATSH247,IP,5,30,2002,,M,NEO,0.145,25.5,28,34,35,5.44,0.174,2,ATSH247,ANCHOA MITCHILLI,PEL,2,4,0.174,,,,,,0.0015,0.0015,0.003,,"BONES, 1 PR OTOLITHS"
ATSH248,IP,5,30,2002,,M,NEO,0.15,24.5,27,24,24.5,3.04,0,0,ATSH248,,,0,6,0,,,,,,,,,,
ATSH249,IP,5,30,2002,,M,NEO,0.125,23.5,26.5,33,33.5,2.48,0,0,ATSH249,,,0,6,0,,,,,,,,,,
ATSH250,IP,5,30,2002,,M,NEO,0.13,25,27,34,35,4.62,4.62,2,ATSH250,UNID DECAPOD SHRIMP,SHR,1,5,0.011,,,,,,,,,,
ATSH250,,,,,,,,,,,,,,,,ATSH250,UFR,UFR,1,5,0.017,,,,,,,,,,
ATSH251,IP,8,7,2002,9:05,M,JUV,1.25,52.5,57.5,70,71.5,32.49,0.4,1,ATSH251,UFR,UFR,1,5,0.4,,,,,,,,,,"VERTEBRAE, MEAT"
ATSH252,IP,6,13,2002,,M,NEO,0.16,25.5,28.5,34.5,35.5,2.08,0,0,ATSH252,,,0,6,0,,,,,,,,,,
ATSH253,IP,6,13,2002,,F,NEO,0.129,24,26.5,32,33,1.73,0.089,1,ATSH253,UNID DECAPOD SHRIMP,SHR,1,5,0.089,,,,,,,,,,"TAIL, EXOSKELETON"
ATSH254,IP,5,30,2002,,F,NEO,0.17,26,28.5,35,35.5,3.3,0,0,ATSH254,,,0,6,0,,,,,,,,,,
ATSH255,IP,5,30,2002,,F,NEO,0.155,25,27.5,35,35.5,2.87,0,0,ATSH255,,,0,6,0,,,,,,,,,,
ATSH256,IP,6,4,2002,12:35,M,MAT,3.52,73,80,92,96.5,77.93,0,0,ATSH256,,,0,6,0,,,,,,,,,,
ATSH257,IP,4,22,2002,9:30,F,JUV,0.8,45,50,59,61,30.78,10.302,2,ATSH257,F. CLUPEIDAE,PEL,1,5,5.19,,,,,,,,,,"MEAT, GIZZARD"
ATSH257,,,,,,,,,,,,,,,,ATSH257,STELLIFER LANCEOLATUS,BEN,1,4,5.112,,,,,,0.031,0.031,0.062,,"1 PR OTOLITHS, MEAT, BONES"
ATSH258,IP,5,30,2002,,F,NEO,0.145,24,26.5,32.5,34,2.54,0,0,ATSH258,,,0,6,0,,,,,,,,,,
ATSH259,IP,6,30,2002,,M,YOY,0.155,26,28,34,35,5.07,0.751,1,ATSH259,ANCHOA SP,PEL,1,5,0.751,,,,,,0.001,,,,1 OTOLITH
ATSH260,IP,5,30,2002,,F,NEO,0.135,24,26.5,33,34,3.58,0.22,1,ATSH260,UFR,UFR,1,5,0.22,,,,,,,,,,MUSH
ATSH261,IP,5,30,2002,,M,NEO,0.11,23,26,32,32.5,5.3,0,0,ATSH261,,,0,6,0,,,,,,,,,,
ATSH262,IP,5,30,2002,,M,NEO,0.135,25,27.5,33.5,34,4.24,0.625,1,ATSH262,MICROPOGONIAS UNDULATUS,BEN,1,4,0.625,,,,,,0.013,0.012,0.025,,"1 PR OTOLITHS, MEAT, LENS"
ATSH263,IP,5,30,2002,,F,NEO,0.13,25,27.5,34,35,3.07,0,0,ATSH263,,,0,6,0,,,,,,,,,,
ATSH264,IP,5,30,2002,,M,NEO,0.165,26.5,29,36.5,37,4.35,0,0,ATSH264,,,0,6,0,,,,,,,,,,
ATSH265,IP,5,30,2002,,M,NEO,0.145,25,27.5,34,35,4.98,1.2,1,ATSH265,UNID DECAPOD SHRIMP,SHR,1,5,1.2,,,,,,,,,,EXOSKELETON
ATSH266,IP,5,30,2002,,M,NEO,0.155,25.5,29,35,35.5,3.25,0.54,1,ATSH266,LOLLIGUNCULA BREVIS,CEP,1,4,0.54,,,,,,,,,,"BEAK, 2 LENS"
ATSH267,IP,5,30,2002,,M,NEO,0.13,23.5,26.5,32,33,3.22,0,0,ATSH267,,,0,6,0,,,,,,,,,,
ATSH268,IP,5,30,2002,,F,NEO,0.11,23,25,31,31.5,3.35,0.1,1,ATSH268,UNID DECAPOD SHRIMP,SHR,1,5,0.1,,,,,,,,,,EXOSKELETON
ATSH269,IP,5,30,2002,,F,NEO,0.15,25.5,28.5,35,35.5,3.53,0,0,ATSH269,,,0,6,0,,,,,,,,,,
ATSH270,IP,5,30,2002,,F,NEO,0.195,27,30,37,37.5,7.47,0.41,1,ATSH270,UNID DECAPOD SHRIMP,SHR,1,5,0.41,,,,,,,,,,EXOSKELETON
ATSH271,IP,5,30,2002,,M,NEO,0.135,25,28,34.5,35,3.35,0.059,2,ATSH271,LOLLIGUNCULA BREVIS,CEP,2,5,0.059,,,,,,,,,,"PEN, 2 LENS"
ATSH272,IP,5,30,2002,,F,NEO,0.15,25,28,35,35.5,6.22,0.44,1,ATSH272,UFR,UFR,1,5,0.44,,,,,,,,,,"MEAT, SCALES, 2 LENS"
ATSH273,IP,5,30,2002,,F,NEO,0.2,26,28.5,34.5,35.5,15.36,11.736,3,ATSH273,UNID DECAPOD SHRIMP,SHR,1,4,0.016,,,,,,,,,,"LEGS, EXOSKELETON"
ATSH273,,,,,,,,,,,,,,,,ATSH273,MICROPOGONIAS UNDULATUS,BEN,1,3,2.51,,,,,,,,,,BITTEN IN HALF
ATSH273,,,,,,,,,,,,,,,,ATSH273,MICROPOGONIAS UNDULATUS,BEN,1,3,9.21,,,,,,,,,,2 PIECES
ATSH274,IP,5,30,2002,,M,NEO,0.125,24,26.5,32,33,3.37,0,0,ATSH274,,,0,6,0,,,,,,,,,,
ATSH275,IP,5,30,2002,,M,NEO,0.13,24.5,27,33,34,3.3,0.028,2,ATSH275,CYNOSCION SP,BEN,2,5,0.028,,,,,,,,,,"2 LENS, 1 PR OTOLITHS"
ATSH276,IP,5,30,2002,,M,NEO,0.13,23.5,26,32.5,33,2.56,0,0,ATSH276,,,0,6,0,,,,,,,,,,
ATSH277,IP,5,30,2002,,M,NEO,0.14,24,25,,,2.63,0,0,ATSH277,,,0,6,0,,,,,,,,,,
ATSH278,IP,5,30,2002,,F,NEO,0.19,26.5,30,37,37.5,6.15,0.06,1,ATSH278,UFR,UFR,1,5,0.06,,,,,,,,,,2 LENS
ATSH279,IP,5,30,2002,,M,NEO,0.14,26,28,34,35,2.46,0.25,1,ATSH279,UNID DECAPOD SHRIMP,SHR,1,5,0.25,,,,,,,,,,EXOSKELETON
ATSH280,IP,5,30,2002,,M,NEO,0.15,26,28,35,35.5,3.29,0,0,ATSH280,,,0,6,0,,,,,,,,,,
ATSH281,IP,5,30,2002,,M,NEO,0.145,25.5,28,34,35,1.84,0,0,ATSH281,,,0,6,0,,,,,,,,,,
ATSH282,IP,5,30,2002,,M,NEO,0.14,24.5,27,32.5,33.5,1.82,0,0,ATSH282,,,0,6,0,,,,,,,,,,
ATSH283,IP,5,30,2002,,F,NEO,0.155,25,28,34,35,4.88,0.47,1,ATSH283,UNID DECAPOD SHRIMP,SHR,1,5,0.47,,,,,,,,,,
ATSH284,IP,5,30,2002,,M,NEO,0.14,25,27.5,33.5,34,5.86,0.018,1,ATSH284,MICROPOGONIAS UNDULATUS,BEN,1,5,0.018,,,,,,0.009,0.009,0.018,,1 PR OTOLITHS
ATSH285,IP,5,30,2002,,M,NEO,0.15,26,29,35,36,4.45,0.035,1,ATSH285,UNID DECAPOD SHRIMP,SHR,1,4,0.035,,,,,,,,,,"LEGS, EXOSKELETON"
ATSH286,IP,5,30,2002,,M,NEO,0.135,24,26.5,33,34,4.41,0.013,1,ATSH286,UNID DECAPOD SHRIMP,SHR,1,5,0.013,,,,,,,,,,LEGS
ATSH287,IP,5,30,2002,,M,NEO,0.22,27.5,30,38,39,9.61,3.45,1,ATSH287,UNID DECAPOD SHRIMP,SHR,1,4,3.45,,,,,,,,,,"MEAT, LEGS, EXOSKELETON"
ATSH288,IP,5,30,2002,,M,NEO,0.145,24,27,33.5,34,4.1,0.98,1,ATSH288,UNID DECAPOD SHRIMP,SHR,1,4,0.98,,,,,,,,,,"MEAT, LEGS, EXOSKELETON"
ATSH289,IP,5,30,2002,,F,NEO,0.175,27,30,37,38,3.51,0,0,ATSH289,,,0,6,0,,,,,,,,,,
ATSH290,IP,5,30,2002,,M,NEO,0.16,26,29,36,36.5,4.61,0,0,ATSH290,,,0,6,0,,,,,,,,,,
ATSH291,IP,5,30,2002,,M,NEO,0.14,24,27,33,33.5,2.77,0,0,ATSH291,,,0,6,0,,,,,,,,,,
ATSH292,IP,5,30,2002,,F,NEO,0.155,25,28,35,35.5,2.31,0,0,ATSH292,,,0,6,0,,,,,,,,,,
ATSH293,IP,5,30,2002,,M,NEO,0.135,25,28,34,35,2.03,0,0,ATSH293,,,0,6,0,,,,,,,,,,
ATSH294,IP,5,30,2002,,M,NEO,0.13,25,27,34,34.5,4.32,0.61,1,ATSH294,UNID DECAPOD SHRIMP,SHR,1,4,0.61,,,,,,,,,,"MEAT, EXOSKELETON"
ATSH295,IP,5,30,2002,,M,NEO,0.16,24.5,27,33.5,34,2.3,0,0,ATSH295,,,0,6,0,,,,,,,,,,
ATSH296,IP,5,30,2002,,F,NEO,0.185,27,30,37.5,38,4.58,0.25,1,ATSH296,UNID DECAPOD SHRIMP,SHR,1,5,0.25,,,,,,,,,,"2 LENS, EXOSKELETON, MUD"
ATSH297,IP,5,30,2002,,M,NEO,0.13,24,27,33.5,34,2.76,0.14,1,ATSH297,F. PENAEIDAE,SHR,1,4,0.14,,,,,,,,,,TAIL
ATSH298,IP,5,30,2002,,F,NEO,0.155,24.5,27,33.5,34,4.16,0.14,1,ATSH298,UNID DECAPOD SHRIMP,SHR,1,5,0.14,,,,,,,,,,EXOSKELETON
ATSH299,IP,5,30,2002,,M,NEO,0.15,25,28,34,35,4.05,0.052,1,ATSH299,F. PENAEIDAE,SHR,1,4,0.052,,,,,,,,,,"HEAD, TAIL"
CIS-001,CIS,7,25,2002,,M,JUV,1.17,49,54,67,68,46,18.2,1,CIS-001,DASYATIS SP,ELA,1,3,18.2,,,,,,,,,,
CIS-002,CIS,7,25,2002,20:15,M,MAT,2.75,64,71,84,86,58.7,0.0945,1,CIS-002,CYNOSCION SP,BEN,1,5,0.0945,,,,,,,,0.0276,,
CIS-003,CIS,7,25,2002,18:35,F,JUV,1.04,48,53,64,65,21.4,0.01,1,CIS-003,UFR,UFR,1,5,0.01,,,,,,,,,,
CIS-004,CIS,7,25,2002,,M,JUV,1.095,47,52,63,64,31.7,0,0,CIS-004,,,0,6,0,,,,,,,,,,
CIS-005,CIS,7,25,2002,,M,JUV,1.75,47,52,63,64,32.6,2.5,1,CIS-005,F. TEREBELLIDAE,INV,1,2,2.5,,235,,,,,,,,WORM
CIS-006,CIS,9,18,2001,,M,MAT,,75,82,98,99,75.4,0,0,CIS-006,,,0,6,0,,,,,,,,,,
CIS-007,CIS,7,25,2002,,M,MAT,2.69,69,76,91,92,76.4,0.1697,1,CIS-007,UFR,UFR,1,5,0.1697,,,,,,,,,,
CIS-008,CIS,7,25,2002,20:15,M,JUV,1.75,43,47,56,57,35.6,8.3,1,CIS-008,UFR,UFR,1,5,8.3,,,,,,,,,,
CIS-009,CIS,7,25,2002,,M,JUV,1.1,49,55,66,67,44.2,0,0,CIS-009,,,0,6,0,,,,,,,,,,
CIS-010,CIS,7,25,2002,,M,JUV,1.75,50,55,67,68,25,0,0,CIS-010,,,0,6,0,,,,,,,,,,
CIS-011,CIS,7,25,2002,21:55,M,MAT,3.25,71,77,92,94,71.1,0,0,CIS-011,,,0,6,0,,,,,,,,,,
CIS-012,CIS,10,3,2001,,M,MAT,2.36,65,71,85,87,54.9,0,0,CIS-012,,,0,6,0,,,,,,,,,,
CIS-013,CIS,7,25,2002,23:30,M,YOY,0.305,31,34,41,42,20.4,3.2086,1,CIS-013,UFR,UFR,1,5,3.2086,,,,,,,,0.0086,,
CIS-014,CIS,7,25,2002,20:15,F,JUV,1.75,45,50,61,62,42.7,0,0,CIS-014,,,0,6,0,,,,,,,,,,
CIS-015,CIS,7,25,2002,20:15,F,JUV,1.75,50,55,66,67,35.6,0,0,CIS-015,,,0,6,0,,,,,,,,,,
CIS-016,CIS,7,25,2002,,M,JUV,0.955,47,52,63,64,29,0.0924,1,CIS-016,CYNOSCION SP,BEN,1,5,0.0924,,,,,,,,0.0174,,
CIS-017,CIS,7,25,2002,,M,MAT,2.04,60,66,79,80,49.9,1.7687,5,CIS-017,CYNOSCION SP,BEN,1,5,0.1687,,,,,,,,0.0788,,
CIS-017,,,,,,,,,,,,,,,,CIS-017,THALASSIA TESTUDINUM,PLA,3,4,0.7,,,,,,,,,,
CIS-017,,,,,,,,,,,,,,,,CIS-017,UNID DECAPOD SHRIMP,SHR,1,4,0.9,,,,,,,,,,
CIS-018,CIS,7,25,2002,23:30,F,JUV,1.75,45,50,62,63,31.2,0,0,CIS-018,,,0,6,0,,,,,,,,,,
CIS-019,CIS,7,25,2002,23:30,F,JUV,1.8,43,48,57,60,22.4,0.275,1,CIS-019,ANCHOA HEPSETUS,PEL,1,3,0.275,,,,,,,,0.0035,,
CIS-020,CIS,7,25,2002,,M,JUV,2,47,52,64,65,26.8,0.0093,1,CIS-020,UFR,UFR,1,5,0.0093,,,,,,,,0.0093,,ONE OTOLITH
CIS-021,CIS,10,3,2001,11:10,M,MAT,2.2,63,68,82,84,69.3,0.001,1,CIS-021,UFR,UFR,1,5,0.001,,,,,,,,,,
CIS-022,CIS,10,3,2001,11:10,M,JUV,1.18,50,54,66,67,36,0.9077,1,CIS-022,ANCHOA SP,PEL,1,3,0.9077,,,,,,,,0.0077,,
CIS-023,CIS,10,3,2001,7:55,M,YOY,1.2,36,40,49,50,13.4,0,0,CIS-023,,,0,6,0,,,,,,,,,,
CIS-024,CIS,10,3,2001,11:10,F,JUV,1.49,50,55,66,68,31,0.013,2,CIS-024,PLANTAE,PLA,1,5,0.01,,,,,,,,,,
CIS-024,,,,,,,,,,,,,,,,CIS-024,UFR,UFR,1,5,0.003,,,,,,,,,,
CIS-025,CIS,8,29,2001,8:55,M,YOY,0.59,37,41,49,51,19.8,0,0,CIS-025,,,0,6,0,,,,,,,,,,
CIS-026,CIS,9,26,2001,8:25,M,JUV,1.39,52,56,69,71,33.2,0,0,CIS-026,,,0,6,0,,,,,,,,,,
CIS-027,CIS,10,3,2001,11:10,M,JUV,1.21,51,55,66,68,43,0,0,CIS-027,,,0,6,0,,,,,,,,,,
CIS-028,CIS,6,16,2003,,F,NEO,0.117,23,25,31,32,3.7,0.011,1,CIS-028,UFR,UFR,1,5,0.011,,,,,,,,,,
CIS-029,CIS,8,23,2001,8:25,M,JUV,1.12,49,54,64,66,33,0.0036,1,CIS-029,UFR,UFR,1,5,0.0036,,,,,,,,0.0036,,
CIS-030,CIS,8,28,2002,10:05,F,JUV,1.12,48,53,63,65,30.8,0.208,2,CIS-030,UFR,UFR,2,5,0.208,,,,,,,,,,
CIS-031,CIS,8,28,2002,10:05,M,MAT,3.7,67,73,87,89,53.9,0,0,CIS-031,,,0,6,0,,,,,,,,,,
CIS-032,CIS,8,28,2002,7:35,M,MAT,2.25,62,67,80,83,40.7,0.01,1,CIS-032,UFR,UFR,1,5,0.01,,,,,,,,,,
CIS-033,CIS,8,28,2002,10:05,F,JUV,1.28,51,56,68,69,47.7,5.7,1,CIS-033,UFR,UFR,1,5,5.7,,,,,,,,,,
CIS-034,CIS,8,28,2002,11:25,F,JUV,0.7,40,44,53,54,14.5,0,0,CIS-034,,,0,6,0,,,,,,,,,,
CIS-035,CIS,5,24,2001,8:00,M,MAT,3.9,74,80,94,97,194.1,88.853,7,CIS-035,SYNODUS FOETENS,BEN,1,5,15.33,,,,,,,,0.0079,,
CIS-035,,,,,,,,,,,,,,,,CIS-035,UFR,UFR,1,5,11.8568,,,,,,,,0.0568,,
CIS-035,,,,,,,,,,,,,,,,CIS-035,UFR,UFR,1,5,11.8594,,,,,,,,0.0594,,
CIS-035,,,,,,,,,,,,,,,,CIS-035,UFR,UFR,1,5,15.5704,,,,,,,,0.0704,,
CIS-035,,,,,,,,,,,,,,,,CIS-035,F. SPARIDAE,BEN,1,5,3.5582,,,,,,,,0.0582,,ONE OTOLITH
CIS-035,,,,,,,,,,,,,,,,CIS-035,SYNODUS FOETENS,BEN,1,5,15.33,,,,,,,,,,
CIS-035,,,,,,,,,,,,,,,,CIS-035,SYNODUS FOETENS,BEN,1,5,15.33,,,,,,,,,,
CIS-036,CIS,5,24,2001,8:00,M,MAT,2.5,65,71,83,87,52.1,0,0,CIS-036,,,0,6,0,,,,,,,,,,
CIS-037,CIS,9,10,2001,11:10,F,JUV,1.2,50,55,66,68,45.9,11.4393,3,CIS-037,MICROPOGONIUS UNDULATUS,BEN,1,4,11.4393,,,,,,,,0.2393,,
CIS-038,CIS,8,28,2002,10:05,M,MAT,2.93,68,74,87,89,91.1,22.4349,5,CIS-038,UFR,UFR,1,5,0.0263,,,,,,,,0.0263,,
CIS-038,,,,,,,,,,,,,,,,CIS-038,BREVOORTIA SP,PEL,1,4,22.4086,,,,,,,,0.0086,,
CIS-039,CIS,6,16,2003,,M,NEO,0.14,26,28,35,36,3.4,0,0,CIS-039,,,0,6,0,,,,,,,,,,
CIS-040,CIS,8,28,2002,8:45,M,MAT,2.26,63,69,82,84,51.3,2.8,1,CIS-040,F. CLUPEIDAE,PEL,1,4,2.8,,,,,,,,,,
CIS-041,CIS,7,16,2001,9:05,M,JUV,0.955,47,52,58,64,28.3,0,0,CIS-041,,,0,6,0,,,,,,,,,,
CIS-042,CIS,8,23,2001,8:25,M,JUV,1.28,50,55,65,67,31.3,0.01,1,CIS-042,UFR,UFR,1,5,0.01,,,,,,,,,,
CIS-043,CIS,9,10,2002,11:10,F,JUV,1.605,54,59,72,74,35.9,0,0,CIS-043,,,0,6,0,,,,,,,,,,
CIS-044,CIS,8,23,2001,8:25,M,JUV,1.19,49,53,64,65,30.2,2.7289,3,CIS-044,UFR,UFR,1,5,0.07715,,,,,,,,0.0127,,
CIS-044,,,,,,,,,,,,,,,,CIS-044,UFR,UFR,1,5,0.07635,,,,,,,,0.0119,,
CIS-044,,,,,,,,,,,,,,,,CIS-044,F. LOLIGINIDAE,CEP,1,3,2.6,,,,,,,,,,
CIS-045,CIS,8,28,2002,10:05,M,JUV,1.02,49,54,65,67,26.3,0,0,CIS-045,,,0,6,0,,,,,,,,,,
CIS-046,CIS,9,10,2002,11:10,M,JUV,1.05,47,51,62,64,29,3.1207,3,CIS-046,F. SPARIDAE,BEN,1,4,3.1207,,,,,,,,0.0207,,
CIS-047,CIS,7,18,2001,,,JUV,1.85,60,65.3,76.5,80,30.1,0,0,CIS-047,,,0,6,0,,,,,,,,,,
CIS-048,CIS,7,18,2001,14:55,,NEO,0.176,27,29,35,36,4.3,0.2,2,CIS-048,UFR,UFR,1,5,0.01,,,,,,,,,,
CIS-048,,,,,,,,,,,,,,,,CIS-048,C. GASTROPODA,CEP,1,,0.01,,,,,,,,,,
CIS-049,CIS,7,18,2001,,,JUV,0.966,45,49,59,61,29.5,11.6,1,CIS-049,ORTHOPRISTIS CHRYSOPTERA,PEL,1,,11.6,,,,,,,,,,
CIS-050,CIS,7,18,2001,,,JUV,1.357,54,59.1,68,72,26,0,0,CIS-050,,,0,6,0,,,,,,,,,,
CIS-051,CIS,7,18,2001,,,JUV,1.029,48,52,63,65,22.8,0.5,3,CIS-051,UFR,UFR,1,5,0.1667,,,,,,,,,,
CIS-051,,,,,,,,,,,,,,,,CIS-051,UFR,UFR,1,5,0.1667,,,,,,,,,,
CIS-051,,,,,,,,,,,,,,,,CIS-051,UFR,UFR,1,5,0.1667,,,,,,,,,,
CIS-052,CIS,7,18,2001,,,MAT,1.34,51.5,56,68,69.5,33.4,0.2,1,CIS-052,UFR,UFR,1,5,0.2,,,,,,,,,,
CIS-053,CIS,7,18,2001,,,JUV,1.3,50.5,56,67,68.5,26,0,0,CIS-053,,,0,6,0,,,,,,,,,,
CIS-054,CIS,11,18,2001,,,MAT,2.55,65,71,85,87,31.6,0,0,CIS-054,,,0,6,0,,,,,,,,,,
CIS-055,CIS,7,18,2001,,,JUV,0.812,45.5,50,59,61,17,0.01,1,CIS-055,UFR,UFR,1,5,0.01,,,,,,,,,,
CIS-056,CIS,7,18,2001,,,JUV,1.089,49,54,64,66,22,1.4,1,CIS-056,UNID DECAPOD SHRIMP,SHR,1,,1.4,,,,,,,,,,
CIS-057,CIS,7,18,2001,,,JUV,0.823,45,49,59,61,21.5,0,0,CIS-057,,,0,5,0,,,,,,,,,,
CIS-058,CIS,7,18,2001,,,JUV,1.117,49,53.7,61,65.7,27,1.4,2,CIS-058,SYMPHURUS SP,BEN,1,,1.39,,,,,,,,,,
CIS-058,,,,,,,,,,,,,,,,CIS-058,UFR,UFR,1,5,0.01,,,,,,,,,,
CIS-059,CIS,7,18,2001,,,JUV,1.002,49,53,63,65,16.6,3.4,1,CIS-059,UFR,UFR,1,5,3.4,,,,,,,,,,
CIS-060,CIS,7,18,2001,,,JUV,1.319,52.7,57.6,66,70.9,28.8,0.2,1,CIS-060,UFR,UFR,1,5,0.2,,,,,,,,,,
CIS-061,CIS,7,18,2001,,,JUV,1.3,50.5,55.7,65.2,69.1,30.9,5.8,1,CIS-061,UFR,UFR,1,5,5.8,,,,,,,,,,
CIS-062,CIS,5,29,2002,11:40,,JUV,0.89,48,53,64,66,19.6,0,0,CIS-062,,,0,6,0,,,,,,,,,,
CIS-063,CIS,5,29,2002,11:40,,MAT,2.45,66,73,86,88,57.9,0,0,CIS-063,,,0,6,0,,,,,,,,,,
CIS-064,CIS,5,29,2002,11:40,,MAT,3.23,71,77,90,93,62.4,0,0,CIS-064,,,0,6,0,,,,,,,,,,
CIS-065,CIS,5,29,2002,11:40,,JUV,0.72,41,46,,,20,0.1,1,CIS-065,UFR,UFR,1,,0.1,,,,,,,,,,
CIS-066,CIS,5,29,2002,11:40,,JUV,0.62,41,45,53,54,17.3,1.7,1,CIS-066,UFR,UFR,1,,1.7,,,,,,,,,,
CIS-067,CIS,5,29,2002,11:40,,JUV,0.83,45,49,61,61,36.3,13.6,3,CIS-067,ALPHEUS SP,SHR,1,,0.1,,,,,,,,,,SHRIMP
CIS-067,,,,,,,,,,,,,,,,CIS-067,UFR,UFR,1,5,13.5,,,,,,,,,,
CIS-067,,,,,,,,,,,,,,,,CIS-067,PLANTAE,PLA,1,,0.01,,,,,,,,,,
CIS-068,CIS,5,29,2002,11:40,,JUV,0.83,47,52,62,63,22.6,0,0,CIS-068,,,0,6,0,,,,,,,,,,
CIS-069,CIS,5,29,2002,11:40,,JUV,0.63,40,43,53,53,24.5,0.547,3,CIS-069,UFR,UFR,2,5,0.147,,,,,,,,,,
CIS-069,,,,,,,,,,,,,,,,CIS-069,UNID DECAPOD SHRIMP,SHR,1,,0.4,,,,,,,,,,
CIS-070,CIS,5,29,2002,11:40,,JUV,0.83,45,49,60,61,29.4,0.01,1,CIS-070,UNID DECAPOD SHRIMP,SHR,1,,0.01,,,,,,,,,,
CIS-071,CIS,5,29,2002,11:40,,JUV,0.85,45,50,61,62,23.5,0,0,CIS-071,,,0,6,0,,,,,,,,,,
CIS-072,CIS,5,29,2002,11:40,,JUV,0.79,44,48,57,59,21.6,0.01,1,CIS-072,UFR,UFR,1,5,0.01,,,,,,,,,,
CIS-073,CIS,5,29,2002,11:40,,JUV,0.63,41,45,53,55,19.5,2.1,1,CIS-073,UNID DECAPOD SHRIMP,SHR,1,,2.1,,,,,,,,,,
CIS-074,CIS,5,29,2002,11:40,,JUV,0.71,43,47,57,58,21.5,2.5,1,CIS-074,EMERITA SP,CRA,1,,2.5,,,,,,,,,,
CIS-075,CIS,5,29,2002,11:40,,NEO,0.1,23,25,30,32,2.7,0.093,1,CIS-075,UFR,UFR,1,5,0.093,,,,,,,,,,
CIS-076,CIS,5,29,2002,9:30,,MAT,2.9,67,73,85,86,55.2,0.01,2,CIS-076,UFR,UFR,2,5,0.01,,,,,,,,,,
CIS-077,CIS,5,29,2002,11:40,,JUV,0.84,46,50,60,62,19,0.01,1,CIS-077,UFR,UFR,1,5,0.01,,,,,,,,,,
CIS-078,CIS,5,29,2002,11:40,,JUV,0.94,46,51,61,62,26.1,0.01,1,CIS-078,UNID DECAPOD SHRIMP,SHR,1,,0.01,,,,,,,,,,
CIS-079,CIS,5,29,2002,11:40,,JUV,0.76,44,49,58,60,17.1,0.603,1,CIS-079,UFR,UFR,1,5,0.603,,,,,,,,,,
CIS-080,CIS,7,18,2001,,,JUV,1.455,54,59.5,72,74,19.9,0,0,CIS-080,,,0,6,0,,,,,,,,,,
CIS-081,CIS,7,18,2001,14:55,,YOY,0.217,29,31.5,38,39,10.2,2.603,5,CIS-081,F. ARIIDAE,BEN,1,,2.2,,,,,,,,,,
CIS-081,,,,,,,,,,,,,,,,CIS-081,UFR,UFR,4,5,0.403,,,,,,,,,,
CIS-082,CIS,5,29,2002,11:40,,JUV,0.93,45,49,60,61,18.7,0,0,CIS-082,,,0,6,0,,,,,,,,,,
CIS-083,CIS,5,7,2002,11:15,,MAT,2.85,61,66,80,82,61.9,0.05,1,CIS-083,UFR,UFR,1,5,0.05,,,,,,,,,,
CIS-084,CIS,7,18,2001,,,JUV,2.125,60,65,74.7,79.2,49.1,0.333,2,CIS-084,UFR,UFR,2,5,0.333,,,,,,,,,,
CIS-085,CIS,5,29,2002,11:40,,JUV,0.85,47,51,62,63,24.8,1,1,CIS-085,UFR,UFR,1,5,1,,,,,,,,,,
CIS-086,CIS,5,29,2002,11:40,,JUV,0.93,47,51,61,63,22.6,0.4,3,CIS-086,F. PORTUNIDAE,CRA,1,,0.1,,,,,,,,,,
CIS-086,,,,,,,,,,,,,,,,CIS-086,UFR,UFR,1,5,0.25,,,,,,,,,,
CIS-086,,,,,,,,,,,,,,,,CIS-086,UNID DECAPOD SHRIMP,SHR,1,,0.05,,,,,,,,,,
CIS-087,CIS,5,7,2002,11:15,,MAT,3.16,70,77,91,93,73.3,0.01,1,CIS-087,UFR,UFR,1,5,0.01,,,,,,,,,,
CIS-088,CIS,5,29,2002,11:40,,JUV,0.64,43,47,56,57,12.1,0,0,CIS-088,,,0,6,0,,,,,,,,,,
CIS-089,CIS,5,7,2002,11:15,,JUV,0.78,45,49,61,61,19.2,0.01,1,CIS-089,UFR,UFR,1,5,0.01,,,,,,,,,,
CIS-090,CIS,5,7,2002,11:15,,JUV,0.7,42.5,47,58,58.5,32.3,12.101,1,CIS-090,UFR,UFR,1,5,12.101,,,,,,0.001,,,,ONE OTOLITH
CIS-091,CIS,5,29,2002,11:40,,MAT,3.26,71,78,93,95,97.4,15.107,1,CIS-091,MICROPOGONIAS UNDULATUS,BEN,1,,15.107,,,,,,0.2035,0.2035,0.407,,
CIS-092,CIS,5,29,2002,9:30,,MAT,4.45,76,83,99,101,170,69.9,1,CIS-092,UFR,UFR,1,5,69.9,,,,,,,,,,
CIS-093,CIS,5,7,2002,11:15,,JUV,0.36,51,56.5,70,71,44.2,3.103,1,CIS-093,BREVOORTIA PATRONUS,PEL,1,,3.103,,,,,,0.0015,0.0015,0.003,,
CIS-094,CIS,5,7,2002,11:15,,JUV,0.805,44,49,58,61,26.7,1.011,2,CIS-094,UFR,UFR,1,5,0.011,,,,,,0.001,,,,ONE OTOLITH
CIS-094,,,,,,,,,,,,,,,,CIS-094,UNID DECAPOD SHRIMP,SHR,1,,1,,,,,,,,,,
CIS-095,CIS,5,7,2002,11:15,,JUV,0.625,39,43,54,54.5,17.4,0.902,3,CIS-095,UFR,UFR,2,5,0.02,,,,,,,,,,
CIS-095,,,,,,,,,,,,,,,,CIS-095,UNID DECAPOD SHRIMP,SHR,1,,0.9,,,,,,,,,,
CIS-096,CIS,5,7,2002,11:15,,JUV,0.76,42,46,57,58,30.3,4.2,1,CIS-096,UFR,UFR,1,5,4.2,,,,,,,,,,
CIS-097,CIS,5,7,2002,11:15,,JUV,0.955,45,50,61,61,22.8,0,0,CIS-097,,,0,6,0,,,,,,,,,,
CIS-098,CIS,5,29,2002,11:40,,JUV,1.43,56,61,75,76,47.7,3.406,1,CIS-098,UFR,UFR,1,5,3.406,,,,,,0.003,0.003,0.006,,
CIS-099,CIS,6,11,2002,,,MAT,1.875,58,63,76,77,57.4,15.438,2,CIS-099,HARENGULA JAGUANA,PEL,1,,15,,,,,,,,,,
CIS-099,,,,,,,,,,,,,,,,CIS-099,UFR,UFR,1,5,0.438,,,,,,0.001,,,,ONE OTOLITH
CIS-100,CIS,5,21,2002,8:10,,MAT,2.41,64,71,85,86,58.5,0.2,1,CIS-100,F. SYNGNATHIDAE,BEN,1,,0.2,,,,,,,,,,
CIS-101,CIS,5,21,2002,8:10,,JUV,1.03,48,53,65,66,37.4,0,0,CIS-101,,,0,6,0,,,,,,,,,,
CIS-102,CIS,5,21,2002,8:10,,JUV,0.64,43,48,59,60,24.5,0.7,1,CIS-102,UFR,UFR,1,5,0.7,,,,,,,,,,
CIS-103,CIS,5,29,2002,11:40,,JUV,0.88,46,50,61,62,25.8,0.02,1,CIS-103,UFR,UFR,1,5,0.02,,,,,,,,,,
CIS-104,CIS,5,7,2002,11:15,,JUV,0.75,42,46,51,51,23.1,0.061,1,CIS-104,UFR,UFR,1,5,0.061,,,,,,0.001,,,,ONE OTOLITH
CIS-105,CIS,5,29,2002,11:40,,JUV,0.78,44,48,59,60,26.9,0.4,1,CIS-105,UFR,UFR,1,5,0.4,,,,,,,,,,
CIS-106,CIS,5,29,2002,11:40,,JUV,0.63,42,45,55,56,15.8,0.001,1,CIS-106,UFR,UFR,1,,0.001,,,,,,,,,,
CIS-107,CIS,5,29,2002,11:40,,NEO,0.13,25,27,33,34,2.7,0.101,2,CIS-107,UFR,UFR,1,5,0.1,,,,,,,,,,
CIS-107,,,,,,,,,,,,,,,,CIS-107,C. CESTODA,OTR,1,,0.001,,,,,,,,,,
CIS-108,CIS,5,29,2002,11:40,,NEO,0.1,22,25,30,31,2.4,0.013,2,CIS-108,UFR,UFR,2,5,0.013,,,,,,0.001,0.001,0.002,,
CIS-109,CIS,5,29,2002,11:40,,YOY,0.13,24,26,32,33,3.9,0.0001,1,CIS-109,UFR,UFR,1,5,0.0001,,,,,,,,,,
CIS-110,CIS,5,29,2002,11:40,,NEO,0.16,25,28,33,35,3.6,0.002,1,CIS-110,ANCHOA MITCHILLI,PEL,1,,0.002,,,,,,0.0005,0.0005,0.001,,
CIS-111,CIS,5,29,2002,11:40,,NEO,0.15,25,27,34,34,3.5,0.05,1,CIS-111,PLANTAE,PLA,1,,0.05,,,,,,,,,,
CIS-112,CIS,7,10,2002,9:30,M,MAT,2.6,68,74,89,90,58.5,0.05,1,CIS-112,UFR,UFR,1,5,0.05,,,,,,,,,,
CIS-113,CIS,7,10,2002,10:50,M,JUV,0.915,47,52,64,65,27.6,0,0,CIS-113,,,0,6,0,,,,,,,,,,
CIS-114,CIS,7,10,2002,9:30,M,MAT,2.95,69,75,90,91,63.5,0,0,CIS-114,,,0,6,0,,,,,,,,,,
CIS-115,CIS,7,10,2002,6:50,M,JUV,1.035,46,51,62,63,30.1,0.01,1,CIS-115,UFR,UFR,1,5,0.01,,,,,,,,,,
CIS-116,CIS,8,22,2001,8:25,M,JUV,1.49,51,56,67,70,38.5,1.3051,1,CIS-116,F. SPARIDAE,BEN,1,5,1.3051,,,,,,0.00255,0.00255,0.0051,,
CIS-117,CIS,7,13,2000,,F,YOY,0.22,28,31,37,38,4.3,0,0,CIS-117,,,0,6,0,,,,,,,,,,
CIS-118,CIS,8,23,2001,8:25,M,JUV,1.24,50,55,65,67,25.9,0,0,CIS-118,,,0,6,0,,,,,,,,,,
CIS-119,CIS,6,26,2003,11:40,M,JUV,1.2,48,53,65,66,35.1,0.8029,2,CIS-119,UFR,UFR,2,5,0.8029,,,,,,0.00145,0.00145,0.0029,,
CIS-120,CIS,7,13,2000,,M,YOY,0.23,29,33,39,40,10.5,0,0,CIS-120,,,0,6,0,,,,,,,,,,
CIS-121,CIS,6,25,2003,,F,JUV,0.9,44,49,60,61,26.1,0.5039,1,CIS-121,UFR,UFR,1,5,0.5039,,,,,,0.00195,0.00195,0.0039,,
CIS-122,CIS,10,3,2001,,M,MAT,2.36,65,71,85,87,82,24.4286,1,CIS-122,LAGODON RHOMBOIDES,BEN,1,3,24.4286,,,,,,0.0143,0.0143,0.0286,,
CIS-123,CIS,6,25,2003,,M,NEO,0.1724,27,29,35,36,10.3,1.4,1,CIS-123,UFR,UFR,1,5,1.4,,,,,,,,,,
CIS-124,CIS,6,25,2003,,M,MAT,3.6,74,81,96,98,68.7,0,0,CIS-124,,,0,6,0,,,,,,,,,,
CIS-125,CIS,6,25,2003,,F,YOY,1,47,52,61,65,20.5,0,0,CIS-125,,,0,6,0,,,,,,,,,,
CIS-126,CIS,6,25,2003,,M,MAT,2.5,68,74,87,90,47.8,0,0,CIS-126,,,0,6,0,,,,,,,,,,
CIS-127,CIS,8,23,2001,8:25,M,YOY,0.93,46,51,60,62,31.5,0,0,CIS-127,,,0,6,0,,,,,,,,,,
CIS-128,CIS,9,10,2002,11:10,F,JUV,1.375,53,57,69,71,30.5,0,0,CIS-128,,,0,6,0,,,,,,,,,,
CIS-129,CIS,6,26,2003,10:15,M,JUV,0.85,41,46,,,19.3,0,0,CIS-129,,,0,6,0,,,,,,,,,,
CIS-130,CIS,7,16,2001,9:05,M,JUV,0.975,46.5,51.5,60,64,68.2,23.9,2,CIS-130,BREVOORTIA SP,PEL,1,4,21.8,,,,,,,,,,
CIS-130,,,,,,,,,,,,,,,,CIS-130,CRUSTACEA,UCR,1,5,2.1,,,,,,,,,,
CIS-131,CIS,8,29,2001,8:55,F,YOY,0.45,35,39,47,48,26.8,1.8,1,CIS-131,UFR,UFR,1,5,1.8,,,,,,,,,,
CIS-132,CIS,8,29,2001,8:55,M,YOY,0.51,36,40,48,50,63.2,29.2071,2,CIS-132,UFR,UFR,1,5,1.3071,,,,,,0.00355,0.00355,0.0071,,
CIS-132,,,,,,,,,,,,,,,,CIS-132,F. LOLIGINIDAE,CEP,1,3,27.9,,,,,,,,,,
CIS-133,CIS,8,23,2001,8:25,M,JUV,1.059,47,52,62,64,22.8,0,0,CIS-133,,,0,6,0,,,,,,,,,,
CIS-134,CIS,8,23,2001,,M,JUV,1.37,51,56,67,69,46.1,0.102,1,CIS-134,UFR,UFR,1,5,0.102,,,,,,0.002,,0.002,,ONE OTOLITH
CIS-135,CIS,6,25,2003,,M,NEO,0.147,25,28,34,35,7.5,2.0175,2,CIS-135,UFR,UFR,1,5,0.5039,,,,,,0.0039,,0.0039,,ONE OTOLITH
CIS-135,,,,,,,,,,,,,,,,CIS-135,ANCHOA SP,PEL,1,4,1.5036,,,,,,0.0018,0.0018,0.0036,,
CIS-136,CIS,6,25,2003,,M,NEO,0.1523,26,28,34,35,4.6,0,0,CIS-136,,,0,6,0,,,,,,,,,,
CIS-137,CIS,6,26,2003,10:15,F,JUV,1,47,52,63,64,26.6,0,0,CIS-137,,,0,6,0,,,,,,,,,,
CIS-138,CIS,6,26,2003,10:15,M,JUV,1.65,55,61,75,76,52.7,0,0,CIS-138,,,0,6,0,,,,,,,,,,
CIS-139,CIS,8,28,2002,10:05,F,JUV,1.17,50,55,66,68,31.4,0,0,CIS-139,,,0,6,0,,,,,,,,,,
CIS-140,CIS,6,28,2003,,M,JUV,2.2,64,70,84,86,46.6,0,0,CIS-140,,,0,6,0,,,,,,,,,,
CIS-141,CIS,9,10,2002,9:50,F,JUV,1.09,49,54,65,66,25.1,0,0,CIS-141,,,0,6,0,,,,,,,,,,
CIS-142,CIS,9,10,2002,11:10,F,JUV,1.085,48,52,64,65,25,0.1,1,CIS-142,UFR,UFR,1,5,0.1,,,,,,,,,,
CIS-143,CIS,8,23,2001,8:25,M,JUV,1.02,47,51,61,63,28.1,0,0,CIS-143,,,0,6,0,,,,,,,,,,
CIS-144,CIS,9,10,2002,11:10,F,JUV,1.175,50,55,66,68,32,0,0,CIS-144,,,0,6,0,,,,,,,,,,
CIS-145,CIS,9,10,2002,11:10,F,JUV,1.26,50,55,66,67,52.7,0.5,1,CIS-145,UFR,UFR,1,5,0.5,,,,,,,,,,
CIS-146,CIS,9,10,2002,11:10,M,JUV,1.34,52,57,70,72,29.3,0,0,CIS-146,,,0,6,0,,,,,,,,,,
CIS-147,CIS,9,10,2002,11:10,M,JUV,1.11,48,53,63,65,24.8,0,0,CIS-147,,,0,6,0,,,,,,,,,,
CIS-148,CIS,8,28,2002,10:05,M,JUV,1.13,49,53,64,66,27.2,0.3,1,CIS-148,UFR,UFR,1,5,0.3,,,,,,,,,,
CIS-149,CIS,8,28,2002,10:05,M,MAT,2.74,67,74,87,90,56.3,0,0,CIS-149,,,0,6,0,,,,,,,,,,
CIS-150,CIS,8,28,2001,8:55,F,YOY,0.53,37,40,49,50,16.6,1.209,2,CIS-150,F. PENAEIDAE,SHR,1,5,0.4,,,,,,,,,,
CIS-150,,,,,,,,,,,,,,,,CIS-150,UFR,UFR,1,4,0.809,,,,,,0.0045,0.0045,0.009,,
CIS-151,CIS,7,15,2003,11:35,M,JUV,1.25,50,56,68,69,39.8,0,0,CIS-151,,,0,6,0,,,,,,,,,,
CIS-152,CIS,7,15,2003,,M,MAT,3,71,77,90,93,58.8,0.0001,1,CIS-152,UFR,UFR,1,5,0.0001,,,,,,,,,,ONE LARGE SCALE
CIS-153,CIS,7,15,2003,,M,MAT,3.5,72,78,93,96,78.7,0,0,CIS-153,,,0,6,0,,,,,,,,,,
CIS-154,CIS,7,15,2003,,M,MAT,3.2,71,78,91,94,67.3,0,0,CIS-154,,,0,6,0,,,,,,,,,,
CIS-155,CIS,7,15,2003,7:45,M,MAT,2.9,68,74,88,90,114.7,0.3,1,CIS-155,UFR,UFR,1,5,0.3,,,,,,,,,,
CIS-156,CIS,7,15,2003,8:50,M,MAT,3.5,73,80,95,97,73.6,0,0,CIS-156,,,0,6,0,,,,,,,,,,
CIS-157,CIS,7,15,2003,8:50,M,MAT,4.25,77,85,103,104,169.9,0,0,CIS-157,,,0,6,0,,,,,,,,,,
CIS-158,CIS,7,15,2003,,M,MAT,3.4,72,79,92,95,72.5,0.1,1,CIS-158,UFR,UFR,1,5,0.1,,,,,,,,,,
CIS-159,CIS,7,15,2003,8:50,M,MAT,2.9,69,76,88,91,66.5,0.2656,1,CIS-159,UFR,UFR,1,5,0.2656,,,,,,0.05045,0.05045,0.1009,,LG FISH VERTS
CIS-160,CIS,7,15,2003,8:50,M,MAT,3.1,73,80,94,97,59.1,0,0,CIS-160,,,0,6,0,,,,,,,,,,
CIS-161,CIS,7,24,2003,18:45,M,JUV,1.5,52,58,69,71,44.9,0,0,CIS-161,,,0,6,0,,,,,,,,,,
CIS-162,CIS,7,24,2003,21:50,M,MAT,3.25,71,78,,,58.7,0,0,CIS-162,,,0,6,0,,,,,,,,,,
CIS-163,CIS,7,24,2003,18:45,F,JUV,1.5,51,56,67,68,28.8,0.6289,2,CIS-163,F. SCIAENIDAE,BEN,1,5,0.3,,,,,,0.00963,,0.00963,,ONE OTOLITH
CIS-163,,,,,,,,,,,,,,,,CIS-163,F. SCIAENIDAE,BEN,1,5,0.3,,,,,,0.00963,0.00963,0.01926,,
CIS-164,CIS,7,24,2003,18:45,M,JUV,1,44,49,59,61,77.7,44.3516,2,CIS-164,UNID POLYCHAETE,INV,1,4,17.1,,,,,,,,,,
CIS-164,,,,,,,,,,,,,,,,CIS-164,CYNOSCION SP,BEN,1,4,27.2516,,,,,,0.0258,0.0258,0.0516,,
CIS-165,CIS,7,24,2003,18:45,M,JUV,1,46,50,61,63,23.6,0,0,CIS-165,,,0,6,0,,,,,,,,,,
CIS-166,CIS,7,24,2003,21:50,M,MAT,,74,82,97,99,86.3,0,0,CIS-166,,,0,6,0,,,,,,,,,,
CIS-167,CIS,7,24,2003,18:45,M,JUV,1.75,56,62,74,76,38.5,0,0,CIS-167,,,0,6,0,,,,,,,,,,
CIS-168,CIS,7,24,2003,21:50,M,MAT,3.75,76,82,98,100,81.7,5.6,1,CIS-168,UFR,UFR,1,5,5.6,,,,,,,,,,
CIS-169,CIS,7,24,2003,21:50,M,MAT,3.25,68,74,88,90,73.6,0,0,CIS-169,,,0,6,0,,,,,,,,,,
CIS-170,CIS,7,24,2003,21:50,M,MAT,2,59,65,78,80,43.1,0.11,2,CIS-170,CRUSTACEA,UCR,1,4,0.1,,,,,,,,,,
CIS-170,,,,,,,,,,,,,,,,CIS-170,UFR,UFR,1,5,0.01,,,,,,,,,,
CIS-171,CIS,7,24,2003,21:50,F,JUV,1,46,50,60,62,35.8,1.6,1,CIS-171,UFR,UFR,1,5,1.3,,,,,,,,,,
CIS-172,CIS,7,24,2003,18:45,M,JUV,1,44,49,58,60,25.3,0,0,CIS-172,,,0,6,0,,,,,,,,,,
CIS-173,CIS,7,24,2003,18:45,M,JUV,2,61,66,77,80,65.2,0,0,CIS-173,,,0,6,0,,,,,,,,,,
CIS-174,CIS,7,24,2003,21:50,M,MAT,,72,78,93,95,101.4,16.5568,1,CIS-174,UFR,UFR,1,5,16.5568,,,,,,0.0284,0.0284,0.0568,,
CIS-175,CIS,7,24,2003,18:45,F,JUV,1.5,52,57,68,71,46.1,0,0,CIS-175,,,0,6,0,,,,,,,,,,
CIS-176,CIS,7,24,2003,21:50,M,MAT,2,60,66,79,81,41.3,0,0,CIS-176,,,0,6,0,,,,,,,,,,
CIS-177,CIS,7,24,2003,18:45,M,JUV,2,58,65,78,80,46,0,0,CIS-177,,,0,6,0,,,,,,,,,,
CIS-178,CIS,7,24,2003,18:45,M,JUV,1.5,53,58,70,72,36.9,1.0206,3,CIS-178,O. ISOPODA,UCR,1,2,0.25,,,,,,,,,,
CIS-178,,,,,,,,,,,,,,,,CIS-178,UFR,UFR,1,5,0.5026,,,,,,0.0206,,0.0206,,ONE OTOLITH
CIS-178,,,,,,,,,,,,,,,,CIS-178,O. ISOPODA,UCR,1,2,0.25,,,,,,,,,,
CIS-179,CIS,7,24,2003,21:50,M,MAT,3.65,74,81,96,97,81,16.4,1,CIS-179,UFR,UFR,1,5,16.4,,,,,,,,,,
CIS-180,CIS,7,24,2003,21:50,M,MAT,3,72,78,93,95,60.2,0,0,CIS-180,,,0,6,0,,,,,,,,,,
CIS-181,CIS,7,31,2003,,M,JUV,1.2,50,55,64,67,29.41,0.04,1,CIS-181,UFR,UFR,1,5,0.04,,,,,,,,,,
CIS-182,CIS,10,8,2002,,M,MAT,2.6,64,69,83,85,126.6,49.74,1,CIS-182,BAIRDIELLA CHRYSOURA,BEN,1,1,49.74,,,,,,,,,,WHOLE
CIS-183,CIS,7,31,2003,,M,MAT,4.9,78,85,92,94,96.29,0.082,2,CIS-183,UFR,UFR,2,5,0.082,,,,,,,,,,"3 LENS, 2 OTOLITHS"
CIS-184,CIS,8,25,2003,7:50,M,JUV,1.3,60,66,79,81,43.25,0,0,CIS-184,,,0,6,0,,,,,,,,,,
CIS-185,CIS,7,31,2003,,F,JUV,1,45,51,62,63,25.81,0.16,1,CIS-185,UFR,UFR,1,5,0.16,,,,,,,,,,
CIS-186,CIS,7,31,2003,,M,JUV,1.5,56,61,73,75,79.7,27.52,2,CIS-186,CYNOSCION SP,BEN,1,3,18.05,,,,,,,,0.06,,
CIS-186,,,,,,,,,,,,,,,,CIS-186,F. ARIIDAE,BEN,1,3,9.47,,,,,,,,0.34,,
CIS-187,CIS,8,25,2003,10:30,M,JUV,1.3,58,64,77,79,39.81,0,0,CIS-187,,,0,6,0,,,,,,,,,,
CIS-188,CIS,8,25,2003,7:50,M,MAT,3.3,78,85,100,102,83.14,0,0,CIS-188,,,0,6,0,,,,,,,,,,
CIS-189,CIS,8,25,2003,10:30,M,MAT,2.6,68,75,,,84.76,0,0,CIS-189,,,0,6,0,,,,,,,,,,
CIS-190,CIS,8,25,2003,7:50,M,JUV,0.8,50,55,65,67,39.88,0.8,1,CIS-190,UFR,UFR,1,5,0.8,,,,,,,,,,1 LENS
CIS-191,CIS,8,25,2003,10:30,M,MAT,2.1,64,70,84,86,62.03,0,0,CIS-191,,,0,6,0,,,,,,,,,,
CIS-192,CIS,8,25,2003,10:30,F,JUV,1,49,55,66,68,31.04,0,0,CIS-192,,,0,6,0,,,,,,,,,,
CIS-193,CIS,7,31,2003,,M,JUV,1.25,48,54,66,67,32.86,0,0,CIS-193,,,0,6,0,,,,,,,,,,
CIS-194,CIS,7,31,2003,,M,JUV,1.2,51,56,64,68,24.53,0.04,1,CIS-194,UFR,UFR,1,5,0.04,,,,,,,,,,
CIS-195,CIS,8,25,2003,11:05,M,YOY,0.1,34,37,45,46,11.08,1.01,1,CIS-195,F. SYNGNATHIDAE,BEN,1,3,1.01,,,,,,,,,,
CIS-196,CIS,7,31,2003,,M,JUV,0.8,47,51,60,62,22.12,1.72,1,CIS-196,UFR,UFR,1,5,1.72,,,,,,,,,,
CIS-197,CIS,8,25,2003,7:50,M,MAT,1.1,60,65,78,81,51.18,0,0,CIS-197,,,0,6,0,,,,,,,,,,
CIS-198,CIS,7,31,2003,,M,JUV,1,43,48,58,59,24.23,0,0,CIS-198,,,0,6,0,,,,,,,,,,
CIS-199,CIS,7,31,2003,,M,MAT,2.2,62,67,79,82,44.76,0,0,CIS-199,,,0,6,0,,,,,,,,,,
CIS-200,CIS,7,31,2003,,F,JUV,1.1,48,52,63,65,20.49,0,0,CIS-200,,,0,6,0,,,,,,,,,,
CIS-201,CIS,7,31,2003,,M,MAT,3.4,73,80,93,96,62.7,2.2,1,CIS-201,UNID DECAPOD SHRIMP,SHR,1,4,2.2,,,,,,,,,,
CIS-202,CIS,8,25,2003,10:30,M,MAT,1.8,64,71,85,87,60.81,6.54,1,CIS-202,UFR,UFR,1,4,6.54,,,,,,,,,,
CIS-203,CIS,8,25,2003,9:30,M,MAT,2.4,69,75,89,91,65.36,1.06,5,CIS-203,UFR,UFR,1,5,1.06,,,,,,,,,,
CIS-204,CIS,7,31,2003,,M,JUV,1.6,57,62,73,76,39.54,0.19,1,CIS-204,UFR,UFR,1,3,0.19,,,,,,,,,,
CIS-205,CIS,7,31,2003,,M,JUV,1.2,47,52,61,64,38.01,8.29,1,CIS-205,UFR,UFR,1,5,8.29,,,,,,,,,,
CIS-206,CIS,7,31,2003,,M,MAT,3.4,73,80,93,96,58.72,0,0,CIS-206,,,0,6,0,,,,,,,,,,
CIS-207,CIS,7,31,2003,,M,MAT,3.5,72,78,90,94,56.29,0,0,CIS-207,,,0,6,0,,,,,,,,,,
CIS-208,CIS,7,31,2003,,M,MAT,3.1,72,78,91,94,57.55,0.08,2,CIS-208,UFR,UFR,1,5,0.03,,,,,,,,0.03,,
CIS-208,,,,,,,,,,,,,,,,CIS-208,CYNOSCION SP,BEN,1,5,0.05,,,,,,,,0.04,,
CIS-209,CIS,7,31,2003,,F,JUV,1.4,48,52,63,65,27.76,0.4,5,CIS-209,F. SCIAENIDAE,BEN,1,5,0.18,,,,,,,,0.02,,
CIS-209,,,,,,,,,,,,,,,,CIS-209,F. SYNGNATHIDAE,BEN,1,3,0.13,,,,,,,,,,
CIS-209,,,,,,,,,,,,,,,,CIS-209,F. SYNGNATHIDAE,BEN,3,4,0.09,,,,,,,,,,
CIS-210,CIS,7,31,2003,,F,JUV,1.4,48,53,63,65,27.31,0.1,2,CIS-210,UFR,UFR,1,5,0.01,,,,,,,,,,
CIS-210,,,,,,,,,,,,,,,,CIS-210,MENTICIRRHUS SP,BEN,1,5,0.09,,,,,,,,0.02,,
CIS-211,CIS,7,31,2003,,M,MAT,2.5,63,70,80,84,38.71,0.21,2,CIS-211,MENTICIRRHUS SP,BEN,1,5,0.02,,,,,,0.02,,,,
CIS-211,,,,,,,,,,,,,,,,CIS-211,UFR,UFR,1,5,0.19,,,,,,,,,,
CIS-212,CIS,7,31,2003,,M,JUV,0.8,45,49,58,61,19.63,0.51,1,CIS-212,UNID DECAPOD SHRIMP,SHR,1,4,0.51,,,,,,,,,,
CIS-213,CIS,7,31,2003,,M,JUV,1,49,54,63,66,20.09,0.15,1,CIS-213,UFR,UFR,1,5,0.15,,,,,,,,0.01,,
CIS-214,CIS,7,31,2003,,M,MAT,3.3,71,77,93,94,61.65,0,0,CIS-214,,,0,6,0,,,,,,,,,,
CIS-215,CIS,7,31,2003,,M,MAT,2.9,65,71,85,87,55.43,0,0,CIS-215,,,0,6,0,,,,,,,,,,
CIS-216,CIS,7,31,2003,,M,MAT,3.25,72,80,95,96,54.73,0.38,1,CIS-216,CYNOSCION SP,BEN,1,5,0.38,,,,,,,,0.03,,
CIS-217,CIS,9,12,2003,2:25,M,JUV,1.5,48,53,61,65,46.44,5.26,1,CIS-217,UFR,UFR,1,3,5.26,,,,,,,,,,
CIS-218,CIS,9,12,2003,4:45,F,YOY,,31,35,41,43,9.5,1.4,1,CIS-218,SINUM PERSPECTIVUM,MOL,1,1,1.4,,14,,,,,,,,FOOT LENGTH = 31MM
CIS-219,CIS,9,12,2003,0:00,M,YOY,0.9,39,42,51,52,14.71,0.38,1,CIS-219,MYROPHIS PUNCTATUS,BEN,1,1,0.38,,125,,,,,,,,
CIS-220,CIS,9,26,2003,9:15,F,YOY,0.5,36,40,48,50,47.23,26.07,2,CIS-220,UFR,UFR,1,4,0.49,,,,,,,,,,
CIS-220,,,,,,,,,,,,,,,,CIS-220,ARENAEUS CRIBRARIUS,CRA,1,1,25.68,,,,,,,,,58,
CIS-221,CIS,9,12,2003,2:25,F,JUV,1.4,48,52,61,64,20.51,0,0,CIS-221,,,0,6,0,,,,,,,,,,
CIS-222,CIS,9,12,2003,0:00,M,MAT,2.4,73,80,92,97,71.41,0.39,3,CIS-222,UFR,UFR,3,5,0.39,,,,,,,,,,6 LENS
CIS-223,CIS,9,12,2003,0:00,M,MAT,2.2,63,68,80,84,63.72,2.42,2,CIS-223,CYNOSCION SP,BEN,2,5,2.42,,,,,,,,,,
CIS-224,CIS,9,11,2003,20:30,M,JUV,1.1,47,52,62,64,32.67,3.72,1,CIS-224,EUCINOSTOMUS HAVANA,PEL,1,1,3.72,,72,,,,,,,,
CIS-225,CIS,9,12,2003,4:45,M,MAT,2.8,65,71,81,83,75.59,0,0,CIS-225,,,0,6,0,,,,,,,,,,
CIS-226,CIS,9,12,2003,2:25,F,JUV,0.9,49,54,64,66,41.36,0.04,1,CIS-226,UFR,UFR,1,5,0.04,,,,,,,,,,
CIS-227,CIS,9,12,2003,0:00,M,YOY,0.2,33,36,42,45,13.44,0,0,CIS-227,,,0,6,0,,,,,,,,,,
CIS-228,CIS,9,12,2003,4:45,M,YOY,0.8,37,41,48,50,10.25,0,0,CIS-228,,,0,6,0,,,,,,,,,,
CIS-229,CIS,9,11,2003,20:30,M,JUV,1.3,50,55,64,67,27.11,0.04,2,CIS-229,CYNOSCION SP,BEN,1,5,0.03,,,,,,,,0.01,,
CIS-229,,,,,,,,,,,,,,,,CIS-229,UFR,UFR,1,5,0.01,,,,,,,,0.01,,
CIS-230,CIS,9,12,2003,2:25,F,YOY,0.2,35,39,47,49,14,0.05,1,CIS-230,UFR,UFR,1,5,0.05,,,,,,,,,,
CIS-231,CIS,9,12,2003,2:25,M,MAT,2.7,66,72,85,87,131.66,77.36,1,CIS-231,UFR,UFR,1,4,77.36,,,,,,,,,,
CIS-232,CIS,9,12,2003,2:25,M,YOY,0.2,32,35,41,44,9.54,0.07,2,CIS-232,UFR,UFR,2,5,0.07,,,,,,,,,,
CIS-233,CIS,9,12,2003,4:45,F,YOY,,30,33,38,40,16.62,3.12,3,CIS-233,UFR,UFR,2,5,0.44,,,,,,,,,,
CIS-233,,,,,,,,,,,,,,,,CIS-233,UFR,UFR,1,4,2.68,,,,,,,,,,
CIS-234,CIS,9,12,2003,4:45,M,YOY,,34,37,44,46,20.23,4.16,7,CIS-234,UFR,UFR,2,5,0.02,,,,,,,,,,
CIS-234,,,,,,,,,,,,,,,,CIS-234,F. SYNGNATHIDAE,BEN,1,2,1.22,,125,,,,,,,,
CIS-234,,,,,,,,,,,,,,,,CIS-234,UFR,UFR,1,4,1.31,,,,,,,,,,
CIS-234,,,,,,,,,,,,,,,,CIS-234,F. ENGRAULIDAE,PEL,2,3,0.89,,,,,,,,,,
CIS-234,,,,,,,,,,,,,,,,CIS-234,F. SYNGNATHIDAE,BEN,1,2,0.74,,65,,,,,,,,
CIS-235,CIS,9,26,2003,14:50,M,MAT,4.2,80,86,99,104,63.03,0,0,CIS-235,,,0,6,0,,,,,,,,,,
CIS-236,CIS,9,12,2003,4:45,M,YOY,,31,34,40,42,13.16,4,1,CIS-236,UFR,UFR,1,3,4,,,,,,,,,,
CIS-237,CIS,9,12,2003,4:45,M,YOY,,35,39,46,48,26,10.53,1,CIS-237,OPISTHONEMA OGLINUM,PEL,1,1,10.53,,85,,,,,,,,
CIS-238,CIS,9,12,2003,9:45,F,YOY,,36,39,47,49,12.98,0,0,CIS-238,,,0,6,0,,,,,,,,,,
CIS-239,CIS,9,12,2003,,M,JUV,0.5,50,54,63,66,69.74,39.75,7,CIS-239,OPISTHONEMA OGLINUM,PEL,1,4,0.31,,,,,,,,,,
CIS-239,,,,,,,,,,,,,,,,CIS-239,OPISTHONEMA OGLINUM,PEL,1,3,10.42,,,29.5,,,,,,,
CIS-239,,,,,,,,,,,,,,,,CIS-239,OPISTHONEMA OGLINUM,PEL,1,3,8.93,,,27.7,,,,,,,
CIS-239,,,,,,,,,,,,,,,,CIS-239,OPISTHONEMA OGLINUM,PEL,1,5,1.76,,,,,,,,,,
CIS-239,,,,,,,,,,,,,,,,CIS-239,OPISTHONEMA OGLINUM,PEL,1,3,3.6,,,,,,,,,,
CIS-239,,,,,,,,,,,,,,,,CIS-239,OPISTHONEMA OGLINUM,PEL,1,3,5.2,,,,,,,,,,
CIS-239,,,,,,,,,,,,,,,,CIS-239,OPISTHONEMA OGLINUM,PEL,1,3,9.53,,,28.9,,,,,,,
CIS-240,CIS,9,12,2003,,F,YOY,,31,34,40,42,16.78,2.75,3,CIS-240,UFR,UFR,1,5,0.02,,,,,,,,,,
CIS-240,,,,,,,,,,,,,,,,CIS-240,O. ISOPODA,UCR,1,2,0.15,,,,,,,,,,
CIS-240,,,,,,,,,,,,,,,,CIS-240,OPISTHONEMA OGLINUM,PEL,1,1,2.58,,,,,,,,,,
CIS-241,CIS,9,12,2003,2:25,F,YOY,0.7,34,37,43,46,10.21,0,0,CIS-241,,,0,6,0,,,,,,,,,,
CIS-242,CIS,9,11,2003,22:10,M,JUV,1.8,58,64,76,79,43.68,7.37,1,CIS-242,MICROPOGONIAS UNDULATUS,BEN,1,4,7.37,,,,,,,,0.24,,
CIS-243,CIS,9,11,2003,20:30,M,YOY,0.4,38,42,49,52,32.62,6.46,4,CIS-243,F. CLUPEIDAE,PEL,4,4,6.46,,,,,,,,,,
CIS-244,CIS,9,12,2003,2:25,F,JUV,1.7,53,57,67,72,36.31,0,0,CIS-244,,,0,6,0,,,,,,,,,,
CIS-245,CIS,9,12,2003,2:25,M,MAT,2.7,68,74,88,90,59.86,6.28,1,CIS-245,F. CLUPEIDAE,PEL,1,4,6.28,,,,,,,,,,
CIS-246,CIS,9,12,2003,2:25,M,MAT,3.7,71,77,92,94,102.54,31.07,1,CIS-246,UFR,UFR,1,4,31.07,,,,,,,,0.03,,
CIS-247,CIS,9,12,2003,2:25,M,MAT,3.5,70,76,90,92,99.24,16.54,2,CIS-247,UFR,UFR,1,3,0.02,,,,,,,,0.02,,
CIS-247,,,,,,,,,,,,,,,,CIS-247,MICROPOGONIAS UNDULATUS,BEN,1,4,16.52,,,,,,,,0.33,,
CIS-248,CIS,9,12,2003,2:25,M,MAT,2.3,60,65,76,80,59.89,7.97,1,CIS-248,UFR,UFR,1,4,7.97,,,,,,,,,,
CIS-249,CIS,9,12,2003,2:25,M,JUV,2,56,61,74,76,142.07,84.42,1,CIS-249,BREVOORTIA PATRONUS,PEL,1,3,84.42,,,74.8,,,,,,,
CIS-250,CIS,9,12,2003,,F,YOY,0.6,28,32,37,39,13.65,3.48,3,CIS-250,UFR,UFR,1,5,0.01,,,,,,,,0.01,,
CIS-250,,,,,,,,,,,,,,,,CIS-250,ANCHOA SP,PEL,1,5,3.47,,,,,,,,,,
CIS-251,CIS,9,12,2003,2:25,M,YOY,0.2,34,37,44,46,11.77,0,0,CIS-251,,,0,6,0,,,,,,,,,,
CIS-252,CIS,9,12,2003,,F,JUV,0.8,49,53,61,66,26.08,0,0,CIS-252,,,0,6,0,,,,,,,,,,
CIS-253,CIS,9,12,2003,,M,JUV,3.8,57,63,75,77,156.52,93.53,3,CIS-253,OPISTHONEMA OGLINUM,PEL,1,3,7.76,,,23.6,,,,,,,
CIS-253,,,,,,,,,,,,,,,,CIS-253,LEIOSTOMUS XANTHURUS,BEN,1,4,42.89,,,,,,,,0.09,,
CIS-253,,,,,,,,,,,,,,,,CIS-253,MENTICIRRHUS SAXATILIS,BEN,1,4,42.88,,,,,,,,0.08,,
CIS-254,CIS,9,11,2003,20:30,F,YOY,0.2,27,30,35,37,16.03,6.63,2,CIS-254,F. CLUPEIDAE,PEL,1,4,5.4,,,,,,,,,,
CIS-254,,,,,,,,,,,,,,,,CIS-254,UNID DECAPOD SHRIMP,SHR,1,4,1.23,,,,,,,,,,
CIS-255,CIS,9,12,2003,,F,YOY,0.5,29,32,39,40,20.85,4.27,2,CIS-255,UFR,UFR,1,4,1.19,,,,,,,,,,
CIS-255,,,,,,,,,,,,,,,,CIS-255,F. ENGRAULIDAE,PEL,1,3,3.08,,60.2,13.7,,,,,,,
CIS-256,CIS,9,11,2003,22:10,M,MAT,3.8,67,73,86,89,49.14,0.27,1,CIS-256,UFR,UFR,1,5,0.27,,,,,,,,,,
CIS-257,CIS,9,12,2003,4:45,M,YOY,,31,35,41,43,38.83,20.41,2,CIS-257,UFR,UFR,1,5,13.01,,,,,,,,,,
CIS-257,,,,,,,,,,,,,,,,CIS-257,OPISTHONEMA OGLINUM,PEL,1,3,7.4,90,,24.4,,,,,,,
CIS-258,CIS,9,12,2003,2:25,M,JUV,0.9,37,41,48,51,46.72,28.39,1,CIS-258,BREVOORTIA PATRONUS,PEL,1,2,28.39,122.7,,37.5,,,,,,,
CIS-259,CIS,9,12,2003,2:25,M,JUV,1.3,46,51,61,63,38.14,13.22,1,CIS-259,F. CLUPEIDAE,PEL,1,4,13.22,,,,,,,,,,
CIS-260,CIS,9,12,2003,,M,JUV,2.3,59,65,78,80,77.16,18.41,2,CIS-260,F. CLUPEIDAE,PEL,1,3,5.45,,,22.8,,,,,,,
CIS-260,,,,,,,,,,,,,,,,CIS-260,STRONGYLURA SP,PEL,1,2,12.96,188.5,,12.3,,,,,,,
CIS-261,CIS,9,12,2003,2:25,F,JUV,1.6,51,56,67,69,103.63,60.75,3,CIS-261,CYNOSCION ARENARIUS,BEN,1,4,34.28,,,,,,,,0.35,,
CIS-261,,,,,,,,,,,,,,,,CIS-261,HARENGULA JAGUANA,PEL,1,2,3.88,,,19.7,,,,,,,
CIS-261,,,,,,,,,,,,,,,,CIS-261,HARENGULA JAGUANA,PEL,1,1,22.59,,121.9,35.3,,,,,,,
CIS-262,CIS,9,12,2003,2:25,M,MAT,2.7,63,69,83,85,66.54,0.02,1,CIS-262,UFR,UFR,1,5,0.02,,,,,,,,,,
CIS-263,CIS,9,12,2003,2:25,M,MAT,3,67,73,88,90,61.95,0.82,1,CIS-263,F. CLUPEIDAE,PEL,1,5,0.82,,,,,,,,,,
CIS-264,CIS,9,12,2003,2:25,M,MAT,3.2,70,77,93,95,243.37,131.5,1,CIS-264,MENTICIRRHUS SP,BEN,1,2,131.5,,270,52.3,,,,,0.14,,
CIS-265,CIS,9,12,2003,2:25,M,JUV,0.8,48,53,64,66,38.68,8.48,2,CIS-265,UFR,UFR,2,5,1.24,,,,,,,,,,
CIS-265,,,,,,,,,,,,,,,,CIS-265,UFR,UFR,1,4,7.24,,,,,,,,,,
CIS-266,CIS,10,23,2003,9:20,F,YOY,0.55,37,41,48,51,31.5,9.78,1,CIS-266,F. CLUPEIDAE,PEL,1,4,9.78,,,,,,,,,,
CIS-267,CIS,10,28,2003,12:50,M,JUV,1.45,52,58,68,71,33.14,0,0,CIS-267,,,0,6,0,,,,,,,,,,
CIS-268,CIS,10,23,2003,9:20,M,JUV,1.45,53,58,70,72,35.73,0.01,1,CIS-268,UFR,UFR,1,5,0.01,,,,,,,,,,
CIS-269,CIS,10,23,2003,9:20,F,JUV,1.3,50,55,65,68,44.12,11.5,2,CIS-269,PENAEUS SP,SHR,1,3,0.5,,22,,,,,,,,
CIS-269,,,,,,,,,,,,,,,,CIS-269,F. CLUPEIDAE,PEL,1,3,11,,,31.9,,,,,,,
CIS-270,CIS,10,23,2003,12:50,M,JUV,1.6,55,61,71,75,53.45,3.08,3,CIS-270,UFR,UFR,1,5,0.01,,,,,,,,,,
CIS-270,,,,,,,,,,,,,,,,CIS-270,F. CLUPEIDAE,PEL,2,4,3.07,,,,,,,,,,
CIS-271,CIS,10,23,2003,12:50,M,JUV,1.35,52,56,67,70,31.98,3.12,1,CIS-271,UFR,UFR,1,3,3.12,100,,,,,,,,,
CIS-272,CIS,10,28,2003,9:20,M,MAT,2.9,67,74,86,90,54.03,0,0,CIS-272,,,0,6,0,,,,,,,,,,
CIS-273,CIS,10,28,2003,12:50,M,JUV,1.65,55,60,73,76,66.48,20.62,4,CIS-273,O. TEUTHOIDEA,CEP,1,4,1.49,,,,,,,,,,
CIS-273,,,,,,,,,,,,,,,,CIS-273,HALODULE SP,PLA,1,2,0.05,,,,,,,,,,
CIS-273,,,,,,,,,,,,,,,,CIS-273,LOLIGO PEALEI,CEP,1,1,14.59,,64.6,,,,,,,,
CIS-273,,,,,,,,,,,,,,,,CIS-273,UFR,UFR,1,4,4.49,,,,,,,,,,
CIS-274,CIS,10,28,2003,11:00,F,JUV,1.35,49,55,67,69,61.03,22.94,2,CIS-274,F. BOTHIDAE,BEN,1,3,5.84,,,42.7,,,,,,,
CIS-274,,,,,,,,,,,,,,,,CIS-274,F. SPARIDAE,BEN,1,3,17.1,,,39,,,,,,,
CIS-275,CIS,10,23,2003,12:50,M,JUV,1.3,49,55,65,67,33.75,0.01,1,CIS-275,UFR,UFR,1,5,0.01,,,,,,,,,,
CIS-276,CIS,10,23,2003,14:30,M,YOY,1,47,52,60,63,21.01,0.01,1,CIS-276,UFR,UFR,1,5,0.01,,,,,,,,,,
CIS-277,CIS,10,23,2003,11:00,M,JUV,1.65,57,62,73,77,38.43,0.01,1,CIS-277,UFR,UFR,1,5,0.01,,,,,,,,,,
CIS-278,CIS,10,23,2003,11:00,M,MAT,2.7,67,73,85,89,49.68,0.01,1,CIS-278,UFR,UFR,1,5,0.01,,,,,,,,,,
CIS-279,CIS,10,23,2003,11:00,M,MAT,2.6,65,71,82,87,56.94,4.99,1,CIS-279,MICROPOGONIAS UNDULATUS,BEN,1,4,4.99,,,,,,0.16,0.16,0.32,,
CIS-280,CIS,10,30,2003,13:55,M,YOY,0.45,35,39,47,49,11.53,0,0,CIS-280,,,0,6,0,,,,,,,,,,
CIS-281,CIS,10,30,2003,13:55,F,YOY,0.45,35,39,49,48,14.53,0,0,CIS-281,,,0,6,0,,,,,,,,,,
CIS-282,CIS,10,30,2003,13:55,M,JUV,1,46,51,60,62,24.09,0,0,CIS-282,,,0,6,0,,,,,,,,,,
CIS-283,CIS,10,30,2003,13:55,M,YOY,0.25,29,32,37,39,8.22,0,0,CIS-283,,,0,6,0,,,,,,,,,,
CIS-284,CIS,10,20,2003,13:55,M,MAT,3.05,68,75,89,91,68.19,0,0,CIS-284,,,0,6,0,,,,,,,,,,
CIS-285,CIS,10,23,2003,12:50,M,MAT,1.9,61,67,79,82,32.38,0,0,CIS-285,,,0,6,0,,,,,,,,,,
CIS-286,CIS,10,30,2003,9:55,M,JUV,,54,56,65,67,92.97,48.53,1,CIS-286,BREVOORTIA SP,PEL,1,2,48.53,,,51,119,,,,,,
CIS-287,CIS,10,23,2003,12:50,M,MAT,2.35,65,71,82,87,57.39,0,0,CIS-287,,,0,6,0,,,,,,,,,,
CIS-288,CIS,10,23,2003,9:20,M,JUV,1.4,52,58,69,71,31.17,0,0,CIS-288,,,0,6,0,,,,,,,,,,
CIS-289,CIS,10,30,2003,9:55,M,JUV,1.5,50,55,66,68,27.35,0,0,CIS-289,,,0,6,0,,,,,,,,,,
CIS-290,CIS,10,30,2003,12:00,M,JUV,2.7,64,69,83,86,116.25,58.33,1,CIS-290,LAGODON RHOMBOIDES,BEN,1,1,58.33,143.1,,49.2,35.6,71.3,,,,,
CIS-291,CIS,10,30,2003,12:00,M,MAT,3.5,72,78,90,94,77.71,0,0,CIS-291,,,0,6,0,,,,,,,,,,
CIS-292,CIS,10,30,2003,12:00,M,JUV,1.6,50,54,65,67,39.58,3.28,1,CIS-292,MENTICIRRHUS AMERICANUS,BEN,1,5,3.28,,,,,,,,0.06,,
CIS-293,CIS,10,23,2003,12:50,F,JUV,1.6,53,58,69,72,40.49,0,0,CIS-293,,,0,6,0,,,,,,,,,,
CIS-294,CIS,10,23,2003,12:50,M,MAT,2.55,68,74,87,90,62.38,5.39,1,CIS-294,UFR,UFR,1,5,5.39,,,,,,,,,,
CIS-295,CIS,10,23,2003,9:20,M,MAT,2.9,65,72,83,87,69.08,4.26,2,CIS-295,MICROPOGONIAS UNDULATUS,BEN,1,5,2.2,,,,,,,,0.13,,
CIS-295,,,,,,,,,,,,,,,,CIS-295,CYNOSCION SP,BEN,1,5,2.06,,,,,,,,0.06,,
CIS-296,CIS,10,20,2003,11:00,M,JUV,1.6,55,61,70,74,42.17,0,0,CIS-296,,,0,6,0,,,,,,,,,,
CIS-297,CIS,10,20,2003,11:00,M,JUV,2.1,60,66,75,79,77.4,30.9989,5,CIS-297,CYNOSCION SP,BEN,1,5,0.0573,,,,,,,,0.0473,,
CIS-297,,,,,,,,,,,,,,,,CIS-297,UFR,UFR,1,5,0.03,,,,,,,,,,
CIS-297,,,,,,,,,,,,,,,,CIS-297,CYNOSCION SP,BEN,1,5,0.0116,,,,,,0.0116,,,,
CIS-297,,,,,,,,,,,,,,,,CIS-297,F. CLUPEIDAE,PEL,1,3,13.7,85,,31,,,,,,,
CIS-297,,,,,,,,,,,,,,,,CIS-297,F. CLUPEIDAE,PEL,1,3,17.2,105,,28,,,,,,,
CIS-298,CIS,10,23,2003,11:00,M,JUV,1.6,55,61,71,74,45.56,3.31,1,CIS-298,F. CARANGIDAE,PEL,1,3,3.31,,,,,,,,,,
CIS-299,CIS,10,30,2003,9:55,M,JUV,1.4,48,53,63,65,88.01,44.81,3,CIS-299,BAIRDIELLA CHRYSOURA,BEN,2,5,5.66,,,,,,,,,,
CIS-299,,,,,,,,,,,,,,,,CIS-299,BREVOORTIA SP,PEL,1,4,39.15,,,,,,,,,,
CIS-300,CIS,10,30,2003,12:00,M,MAT,3,68,74,88,90,119,44.73,2,CIS-300,MICROPOGONIAS UNDULATUS,BEN,1,3,32.01,,,42.4,,,,,,,
CIS-300,,,,,,,,,,,,,,,,CIS-300,LAGODON RHOMBOIDES,BEN,1,4,15.72,,,,,,,,0.04,,
CIS-301,CIS,10,23,2003,11:00,M,JUV,1,47,52,59,63,32.37,0.34,1,CIS-301,UFR,UFR,1,5,0.34,,,,,,,,,,
CIS-302,CIS,10,30,2003,9:55,F,YOY,0.9,39,43,52,54,16.59,0,0,CIS-302,,,0,6,0,,,,,,,,,,
CIS-303,CIS,10,30,2003,9:55,F,YOY,0.7,36,40,54,56,18.31,0,0,CIS-303,,,0,6,0,,,,,,,,,,
CIS-304,CIS,10,30,2003,9:55,M,MAT,3.5,68,75,89,91,139.34,57.59,3,CIS-304,CYNOSCION ARENARIUS,BEN,1,4,21.47,,,,,,,,0.12,,
CIS-304,,,,,,,,,,,,,,,,CIS-304,CYNOSCION ARENARIUS,BEN,1,4,16.15,,,,,,,,0.09,,
CIS-304,,,,,,,,,,,,,,,,CIS-304,BREVOORTIA SP,PEL,1,4,19.97,,,37,,,,,,,
CIS-305,CIS,10,30,2003,9:55,M,JUV,2.2,57,63,76,78,42.87,3.66,3,CIS-305,CYNOSCION SP,BEN,1,5,3,,,,,,,,,,
CIS-305,,,,,,,,,,,,,,,,CIS-305,UFR,UFR,2,5,0.66,,,,,,,,,,
CIS-306,CIS,10,30,2003,9:55,M,MAT,3,68,74,87,89,50.82,0.72,1,CIS-306,UFR,UFR,1,5,0.72,,,,,,,,,,
CIS-307,CIS,10,20,2003,9:55,M,JUV,2.4,62,69,83,85,48.17,0.91,1,CIS-307,MOLLUSCA,MOL,1,5,0.91,,,,,,,,,,
CIS-308,CIS,10,30,2003,9:55,F,YOY,0.9,40,44,51,53,26.84,6.4,2,CIS-308,UFR,UFR,2,4,6.4,,,,,,,,,,
CIS-309,CIS,10,30,2003,9:55,M,JUV,2,56,61,71,75,51.1,1.49,3,CIS-309,UFR,UFR,3,5,1.49,,,,,,,,,,
CIS-310,CIS,10,30,2003,9:55,M,MAT,2.4,58,64,77,79,94.7,29.08,5,CIS-310,PLANTAE,PLA,1,4,0.01,,,,,,,,,,
CIS-310,,,,,,,,,,,,,,,,CIS-310,CYNOSCION SP,BEN,2,5,5.57,,,,,,,,,,
CIS-310,,,,,,,,,,,,,,,,CIS-310,F. CLUPEIDAE,PEL,1,3,23.48,,,37,,,,,,,
CIS-310,,,,,,,,,,,,,,,,CIS-310,C. OPHIUROIDEA,INV,1,2,0.02,,4.2,,,,,,,,
CIS-311,CIS,10,30,2003,9:55,M,MAT,2.4,60,66,,,165.63,108.89,3,CIS-311,BREVOORTIA PATRONUS,PEL,1,1,102.64,,,64.5,58.9,,,,,,
CIS-311,,,,,,,,,,,,,,,,CIS-311,MICROPOGONIAS UNDULATUS,BEN,1,4,6.21,,,,,,0.1,,,,
CIS-311,,,,,,,,,,,,,,,,CIS-311,UFR,UFR,1,5,0.04,,,,,,,,,,
CIS-312,CIS,10,30,2003,9:55,M,JUV,1.4,47,53,63,66,123.07,86.82,1,CIS-312,BREVOORTIA PATRONUS,PEL,1,2,86.82,,,,57.5,,,,,,
CIS-313,CIS,10,30,2003,9:55,M,JUV,1.7,55,57,71,72,42.6,5.72,5,CIS-313,THALASSIA TESTUDINUM,PLA,1,,0.76,,,,,,,,,8.7,
CIS-313,,,,,,,,,,,,,,,,CIS-313,HALODULE BEAUDETTEI,PLA,1,,0.02,,,,,,,,,,
CIS-313,,,,,,,,,,,,,,,,CIS-313,UFR,UFR,1,0,0.01,,,,,,,,,,
CIS-313,,,,,,,,,,,,,,,,CIS-313,CYNOSCION NOTHUS,BEN,1,4,4.82,,,,,,,,0.19,,
CIS-314,CIS,10,30,2003,9:55,M,MAT,3,63,70,84,86,144.14,44.48,4,CIS-314,UFR,UFR,1,5,0.01,,,,,,,,,,
CIS-314,,,,,,,,,,,,,,,,CIS-314,MICROPOGONIAS UNDULATUS,BEN,1,5,0.39,,,,,,,,0.33,,
CIS-314,,,,,,,,,,,,,,,,CIS-314,BAIRDIELLA CHRYSOURA,BEN,1,1,35.55,130,,36.1,29.6,77.4,,,0.19,,
CIS-314,,,,,,,,,,,,,,,,CIS-314,MICROPOGONIAS UNDULATUS,BEN,1,4,8.53,,,,,,,,0.25,,
CIS-315,CIS,10,23,2003,9:20,M,JUV,1.1,49,54,63,67,77.05,43.05,4,CIS-315,F. BOTHIDAE,BEN,1,3,20.01,,110.4,52,,,,,0.02,,
CIS-315,,,,,,,,,,,,,,,,CIS-315,CRUSTACEA,UCR,1,5,0.72,,,,,,,,,,
CIS-315,,,,,,,,,,,,,,,,CIS-315,MICROPOGONIAS UNDULATUS,BEN,1,1,0.13,,,,,,,,0.13,,
CIS-315,,,,,,,,,,,,,,,,CIS-315,F. BOTHIDAE,BEN,1,3,22.19,,130.1,53,,,,,,,
CIS-316,CIS,10,30,2003,9:55,M,MAT,3,64,70,84,86,101.54,24.77,2,CIS-316,F. CLUPEIDAE,PEL,1,4,20.47,,,,,,,,,,
CIS-316,,,,,,,,,,,,,,,,CIS-316,MICROPOGONIAS UNDULATUS,BEN,1,4,4.3,,,,,,,,0.14,,
CIS-317,CIS,10,23,2003,11:00,M,JUV,1.7,60,66,77,81,36.38,0,0,CIS-317,,,0,6,0,,,,,,,,,,
CIS-318,CIS,10,23,2003,11:00,M,MAT,2.05,58,65,76,80,47.96,2.41,1,CIS-318,UFR,UFR,1,4,2.41,,,,,,,,,,
CIS-319,CIS,10,30,2003,12:00,F,YOY,0.7,41,45,54,55,36.16,15.45,2,CIS-319,LAGODON RHOMBOIDES,BEN,1,3,11.54,105.5,,,,,,,0.02,,
CIS-319,,,,,,,,,,,,,,,,CIS-319,LAGODON RHOMBOIDES,BEN,1,4,3.91,,,,,,,,,,
CIS-320,CIS,10,30,2003,9:55,M,JUV,1.4,47,51,62,64,36.47,0.095,2,CIS-320,MENTICIRRHUS SP,BEN,1,5,0.0681,,,,,,,,0.0332,,
CIS-320,,,,,,,,,,,,,,,,CIS-320,CYNOSCION SP,BEN,1,5,0.0269,,,,,,,,0.0269,,
CIS-321,CIS,10,30,2003,9:55,M,MAT,2.3,60,66,80,82,54.59,2.49,1,CIS-321,CYNOSCION ARENARIUS,BEN,1,5,2.49,,,,,,,,,,
CIS-321,,,,,,,,,,,,,,,,CIS-322,CYNOSCION ARENARIUS,BEN,1,4,19.55,,,,,,,,0.0927,,
CIS-322,CIS,10,30,2003,9:55,M,JUV,1.6,49,54,65,67,148.94,95.79,2,CIS-322,BREVOORTIA PATRONUS,PEL,1,2,76.24,,,,48.75,,,,,,
CIS-323,CIS,10,20,2003,9:55,M,MAT,4.3,73,79,93,95,276.34,205.67,3,CIS-323,PARALICHTHYS ALBIGUTTA,BEN,1,2,132.58,,,134.7,62.9,,0.03,,,,
CIS-323,,,,,,,,,,,,,,,,CIS-323,UFR,UFR,1,5,5.29,,,,,,,,,,
CIS-323,,,,,,,,,,,,,,,,CIS-323,BREVOORTIA PATRONUS,PEL,1,2,67.8,,,65,,,,,,,
CIS-324,CIS,10,30,2003,12:00,M,MAT,4.3,74,81,96,98,244.59,147.48,2,CIS-324,MICROPOGONIAS UNDULATUS,BEN,1,5,2.2,,,,,,,,0.292,,
CIS-324,,,,,,,,,,,,,,,,CIS-324,BREVOORTIA PATRONUS,PEL,1,2,145.28,200,,71.3,58.8,,,,,,
CIS-325,CIS,10,30,2003,9:55,F,YOY,0.7,38,42,50,52,35.67,15.79,1,CIS-325,MICROPOGONIAS UNDULATUS,BEN,1,4,15.79,,,,,,,,0.2022,,
CIS-326,CIS,10,23,2003,11:00,M,MAT,2.4,64,69,82,85,65.44,7.28,2,CIS-326,PLANTAE,PLA,1,,0.05,,,,,,,,,,
CIS-326,,,,,,,,,,,,,,,,CIS-326,CYNOSCION ARENARIUS,BEN,1,4,7.23,,,,,,,,0.0671,,
CIS-327,CIS,10,30,2003,9:55,M,JUV,2,56,62,75,77,54.61,6.63,3,CIS-327,UFR,UFR,1,5,0.1,,,,,,,,,,
CIS-327,,,,,,,,,,,,,,,,CIS-327,F. ENGRAULIDAE,PEL,1,4,2.78,,,,,,,,,,
CIS-327,,,,,,,,,,,,,,,,CIS-327,O. ISOPODA,UCR,1,4,3.75,,,,,,,,,,
CIS-328,CIS,10,30,2003,9:55,M,MAT,3,67,74,86,88,93.94,20,1,CIS-328,LEIOSTOMUS XANTHURUS,BEN,1,2,20,,,,48.5,,,,0.1151,,
CIS-329,CIS,10,30,2003,9:55,M,JUV,1.7,51,57,63,70,56.64,0,0,CIS-329,,,0,6,0,,,,,,,,,,
CIS-330,CIS,10,23,2003,11:00,M,MAT,2.2,62,67,82,83,51.29,1.76,3,CIS-330,F. ARIIDAE,BEN,1,5,1.56,,,,,,,,0.2218,,
CIS-330,,,,,,,,,,,,,,,,CIS-330,CYNOSCION ARENARIUS,BEN,1,5,0.06,,,,,,,,0.0413,,
CIS-330,,,,,,,,,,,,,,,,CIS-330,MICROPOGONIAS UNDULATUS,BEN,1,5,0.14,,,,,,,,0.1127,,
CIS-331,CIS,10,23,2003,12:50,M,MAT,2.3,62,68,79,84,117.01,51.68,1,CIS-331,BREVOORTIA SP,PEL,1,4,51.68,,,,,,,,,,
CIS-332,CIS,10,23,2003,12:50,M,MAT,2.7,67,74,87,90,111.44,46.52,2,CIS-332,LEIOSTOMUS XANTHURUS,BEN,1,4,22.39,,,,,,,,0.087,,
CIS-332,,,,,,,,,,,,,,,,CIS-332,MICROPOGONIAS UNDULATUS,BEN,1,4,24.13,,,,,,,,0.2239,,
CIS-333,CIS,10,30,2003,9:55,M,MAT,2.5,62,68,82,84,91.8,33.5,1,CIS-333,UFR,UFR,1,4,33.5,,,,,,,,,,
CIS-334,CIS,10,30,2003,9:55,M,JUV,1.9,55,61,73,75,45.07,1.84,1,CIS-334,UFR,UFR,1,5,1.84,,,,,,,,,,
CIS-335,CIS,10,30,2003,9:55,M,JUV,1.7,52,57,68,70,88.48,44.15,2,CIS-335,BAIRDIELLA CHRYSOURA,BEN,1,5,9.78,,,,,,,,0.1083,,
CIS-335,,,,,,,,,,,,,,,,CIS-335,CYNOSCION ARENARIUS,BEN,1,4,34.37,,,,,,,,0.0649,,
CIS-336,CIS,10,30,2003,9:55,M,MAT,3.7,71,77,92,94,118.09,31.16,2,CIS-336,LEIOSTOMUS XANTHURUS,BEN,1,4,28.14,,,,,,,,0.0914,,
CIS-336,,,,,,,,,,,,,,,,CIS-336,UFR,UFR,1,5,3.02,,,,,,,,,,
CIS-337,CIS,10,30,2003,12:00,F,YOY,0.9,36,40,49,50,23.7,6.2849,3,CIS-337,F. CLUPEIDAE,PEL,1,4,6.24,,,,,,,,,,
CIS-337,,,,,,,,,,,,,,,,CIS-337,C. BIVALVIA,MOL,1,4,0.01,,7.9,,,,,,,,
CIS-337,,,,,,,,,,,,,,,,CIS-337,UFR,UFR,1,5,0.0349,,,,,,,,0.0349,,
CIS-338,CIS,10,30,2003,12:00,M,JUV,1.6,53,57,69,72,71.6,35.54,1,CIS-338,BREVOORTIA SP,PEL,1,3,35.34,,,45,,,,,,,
CIS-339,CIS,10,23,2003,12:50,M,JUV,1.7,55,61,70,73,47.89,11.23,1,CIS-339,STELLIFER LANCEOLATUS,BEN,1,4,11.23,,,,,,,,0.0677,,
CIS-340,CIS,9,9,2003,,F,JUV,1.2,47,52,63,65,25.41,3.23,2,CIS-340,MICROPOGONIAS UNDULATUS,BEN,1,5,0.15,,,,,,,,0.13,,
CIS-340,,,,,,,,,,,,,,,,CIS-340,PENAEUS DUORARUM,SHR,1,1,3.08,,60,,,,,,,,
CIS-341,CIS,9,9,2003,9:45,M,JUV,1.2,48,53,64,66,30.8,0,0,CIS-341,,,0,6,0,,,,,,,,,,
CIS-342,CIS,9,9,2003,9:45,M,JUV,1.1,46,50,61,63,25.01,0,0,CIS-342,,,0,6,0,,,,,,,,,,
CIS-343,CIS,9,9,2003,,M,YOY,0.7,37,41,50,51,14.47,0,0,CIS-343,,,0,6,0,,,,,,,,,,
CIS-344,CIS,9,9,2003,,M,JUV,1.25,49,54,66,68,30.74,0,0,CIS-344,,,0,6,0,,,,,,,,,,
CIS-345,CIS,9,9,2003,9:45,M,JUV,1.2,46,50,60,62,25.96,0.21,1,CIS-345,MICROPOGONIAS UNDULATUS,BEN,1,5,0.21,,,,,,,,0.17,,
CIS-346,CIS,9,9,2003,9:45,M,JUV,1.1,47,52,62,64,29.3,0,0,CIS-346,,,0,6,0,,,,,,,,,,
